in_txn_id,out_txn_id,current_account,in_amount,out_amount,amount_retained,transfer_delay_min,channel,is_scam_trail,current_acc_incoming_count,current_acc_outgoing_count,current_acc_unique_senders,current_acc_unique_receivers,current_acc_pass_through,current_acc_velocity,current_acc_degree,current_acc_avg_delay,target_next_account
TXN-SYN-11032,TXN-SYN-11227,MCH-2029,1315.75,109535.53,0.0,241.15,RTGS,0,26,4,25,4,0.4768410431001316,0.6276223573030835,28,525.5410256410257,MCH-2022
TXN-SYN-11007,TXN-SYN-10909,MCH-2016,11949.52,202531.8,0.0,259.6,RTGS,0,28,4,26,4,0.6234034653990607,0.6765129048360102,29,400.08750000000003,MCH-2007
TXN-SYN-11916,TXN-SYN-10485,NORM-1103,2222.48,17544.2,0.0,373.01666666666665,UPI,0,12,11,12,11,0.9101937353061555,0.49397741306176507,23,138.8651515151515,NORM-1093
TXN-SYN-10227,TXN-SYN-10388,NORM-1019,3596.72,6955.03,0.0,295.3833333333333,UPI,0,8,14,8,14,1.0,0.4629710818441682,20,124.86904761904762,NORM-1086
TXN-SYN-11197,TXN-SYN-11562,MCH-2009,20083.69,110775.63,0.0,52.28333333333333,NEFT,0,27,11,20,10,0.6228123125366313,0.8066227977074931,28,210.48333333333332,NORM-1013
TXN-SYN-11110,TXN-SYN-11227,MCH-2029,31064.64,109535.53,0.0,232.23333333333332,RTGS,0,26,4,25,4,0.4768410431001316,0.6276223573030835,28,525.5410256410257,MCH-2022
TXN-SYN-10832,TXN-SYN-11016,MCH-2017,1175.8,62436.55,0.0,94.55,RTGS,0,16,10,15,7,1.0,0.618425921031767,22,182.76444444444445,MCH-2010
TXN-SYN-11379,TXN-SYN-10718,MCH-2012,10730.53,147606.25,0.0,419.3666666666667,RTGS,0,31,9,21,8,0.8166960909487291,0.8869889803938478,28,297.4005555555556,MCH-2006
TXN-SYN-10173,TXN-SYN-11022,NORM-1001,11522.7,5336.78,6185.920000000001,215.85,NEFT,0,12,23,12,22,1.0,0.7832703401631191,32,97.02499999999999,MCH-2023
TXN-SYN-11894,TXN-SYN-10182,NORM-1009,1119.47,3941.27,0.0,245.1,UPI,0,14,14,13,14,0.5260067687682748,0.5960159174092229,26,222.03690476190474,NORM-1025
TXN-SYN-11095,TXN-SYN-11308,MCH-2025,11459.93,79855.82,0.0,286.18333333333334,RTGS,0,26,6,24,6,1.0,0.5005866249511146,30,280.2953703703704,MCH-2018
TXN-SYN-11455,TXN-SYN-11034,MCH-2003,6239.85,71832.98,0.0,17.0,RTGS,0,27,18,22,12,1.0,0.9491223547608446,33,172.86014492753625,MCH-2031
TXN-SYN-11980,TXN-SYN-11539,NORM-1073,4351.5,27619.54,0.0,88.25,UPI,0,14,20,14,19,1.0,0.7206443408223824,30,128.97976190476194,NORM-1005
TXN-SYN-10662,TXN-SYN-11885,NORM-1077,4478.12,1864.27,2613.85,209.01666666666668,UPI,0,10,29,10,26,1.0,0.8427421533142455,33,72.28166666666667,NORM-1030
TXN-SYN-10454,TXN-SYN-11816,NORM-1007,6081.12,6267.73,0.0,491.8,UPI,0,9,20,8,20,0.8968319384104775,0.6135510146511751,25,210.9888888888889,NORM-1086
TXN-SYN-10160,TXN-SYN-10517,NORM-1087,13715.92,9761.02,3954.8999999999996,384.3,UPI,0,12,18,12,17,1.0,0.6455662153680625,29,188.75694444444446,NORM-1015
TXN-SYN-11893,TXN-SYN-10593,NORM-1020,11946.93,17878.39,0.0,150.21666666666667,UPI,0,13,18,12,16,1.0,0.6748625783862561,28,114.84102564102562,NORM-1093
TXN-SYN-10666,TXN-SYN-10130,NORM-1104,10651.2,11638.29,0.0,54.5,UPI,0,7,14,7,13,1.0,0.44910179640718567,17,70.66666666666666,NORM-1011
TXN-SYN-10817,TXN-SYN-11396,MCH-2035,15042.54,214367.22,0.0,44.71666666666667,RTGS,0,18,3,18,3,0.4612827004261736,0.5198841951078622,20,126.80666666666666,MCH-2001
TXN-SYN-10017,TXN-SYN-11378,NORM-1043,7895.47,20145.32,0.0,801.8,NEFT,0,1,6,1,5,1.0,0.1522299880994811,6,801.8,MCH-2005
TXN-SYN-10136,TXN-SYN-11428,NORM-1094,17214.04,18248.66,0.0,143.45,NEFT,0,12,12,12,11,1.0,0.5460647314233708,23,169.33181818181816,MCH-2005
TXN-SYN-11461,TXN-SYN-11469,MCH-2008,11455.77,162878.03,0.0,304.71666666666664,RTGS,0,39,3,34,3,0.2427401117423724,0.9007989228541982,37,628.5277777777779,MCH-2023
TXN-SYN-10522,TXN-SYN-10490,NORM-1015,3079.72,14203.09,0.0,73.9,UPI,0,18,19,16,19,0.540306292548446,0.814519482425458,33,91.19880952380952,NORM-1093
TXN-SYN-11034,TXN-SYN-11366,MCH-2031,71832.98,155541.12,0.0,367.31666666666666,RTGS,0,25,7,22,7,0.6879843239693775,0.6797984208849182,25,399.8557971014493,MCH-2033
TXN-SYN-10627,TXN-SYN-10182,NORM-1009,8265.44,3941.27,4324.17,218.85,UPI,0,14,14,13,14,0.5260067687682748,0.5960159174092229,26,222.03690476190474,NORM-1025
TXN-SYN-11166,TXN-SYN-11273,MCH-2015,210767.3,117008.4,93758.9,360.2,RTGS,0,25,13,23,10,1.0,0.8303893360527371,32,116.27500000000002,MCH-2018
TXN-SYN-10571,TXN-SYN-10263,NORM-1099,17001.77,2466.95,14534.82,60.56666666666667,UPI,0,11,14,10,13,1.0,0.5656926277679655,22,208.42727272727276,NORM-1012
TXN-SYN-10655,TXN-SYN-11638,NORM-1012,702.2,177172.05,0.0,461.46666666666664,NEFT,0,17,21,16,21,1.0,0.8985221674876848,33,196.0607843137255,STR-4003
TXN-SYN-10805,TXN-SYN-10991,MCH-2011,29469.54,179897.97,0.0,81.11666666666666,RTGS,0,29,7,23,6,0.8184959097255264,0.802213515069358,28,293.1798850574713,MCH-2023
TXN-SYN-10377,TXN-SYN-11536,NORM-1070,4907.11,34100.14,0.0,60.35,UPI,0,12,26,11,25,1.0,0.8800144095926716,34,102.13787878787879,NORM-1004
TXN-SYN-11365,TXN-SYN-10905,MCH-2028,7587.94,95826.47,0.0,58.93333333333333,RTGS,0,28,3,26,3,0.18395959630467112,0.6815808277909086,29,636.2574074074074,MCH-2023
TXN-SYN-11526,TXN-SYN-11022,NORM-1001,110429.37,5336.78,105092.59,170.9,NEFT,0,12,23,12,22,1.0,0.7832703401631191,32,97.02499999999999,MCH-2023
TXN-SYN-11529,TXN-SYN-10082,NORM-1002,88912.21,7733.72,81178.49,132.31666666666666,UPI,0,14,16,14,15,0.975663309338928,0.702297422958623,26,109.75119047619049,NORM-1082
TXN-SYN-11532,TXN-SYN-10163,NORM-1003,103904.27,1398.74,102505.53,17.266666666666666,UPI,0,11,12,11,12,0.7831577148973093,0.5000996575404519,22,259.80833333333334,NORM-1098
TXN-SYN-11535,TXN-SYN-10651,NORM-1004,100262.66,6239.25,94023.41,586.9666666666667,UPI,0,15,21,13,19,0.8860930506436103,0.7538740751081949,32,238.8311111111111,NORM-1002
TXN-SYN-11538,TXN-SYN-10833,NORM-1005,156157.68,22174.08,133983.59999999998,184.66666666666666,NEFT,0,14,17,13,17,1.0,0.6878995025672952,28,126.5845238095238,MCH-2019
TXN-SYN-11541,TXN-SYN-10162,NORM-1006,126980.02,11607.58,115372.44,21.483333333333334,UPI,0,15,19,15,18,0.897668609769335,0.7273461965855137,31,154.69285714285712,NORM-1076
TXN-SYN-11544,TXN-SYN-11816,NORM-1007,154296.72,6267.73,148028.99,464.78333333333336,UPI,0,9,20,8,20,0.8968319384104775,0.6135510146511751,25,210.9888888888889,NORM-1086
TXN-SYN-11547,TXN-SYN-10569,NORM-1008,84617.26,17909.14,66708.12,25.65,UPI,0,11,16,11,14,1.0,0.6092859694980913,25,510.5969696969696,NORM-1015
TXN-SYN-11550,TXN-SYN-10182,NORM-1009,133237.76,3941.27,129296.49,208.31666666666666,UPI,0,14,14,13,14,0.5260067687682748,0.5960159174092229,26,222.03690476190474,NORM-1025
TXN-SYN-11553,TXN-SYN-10820,NORM-1010,134561.01,2077.61,132483.40000000002,222.68333333333334,NEFT,0,18,17,16,16,0.4961328133372379,0.7617942067364373,27,194.57592592592593,MCH-2032
TXN-SYN-11556,TXN-SYN-10006,NORM-1011,124884.12,9116.92,115767.2,48.46666666666667,UPI,0,14,16,14,15,0.6038315617227421,0.6408126453695353,29,110.81153846153846,NORM-1035
TXN-SYN-11559,TXN-SYN-11638,NORM-1012,150574.85,177172.05,0.0,455.5,NEFT,0,17,21,16,21,1.0,0.8985221674876848,33,196.0607843137255,STR-4003
TXN-SYN-11562,TXN-SYN-10573,NORM-1013,110775.63,2185.27,108590.36,520.7,UPI,0,12,14,11,13,0.8074267314554087,0.5945650654910879,24,167.3,NORM-1002
TXN-SYN-11565,TXN-SYN-10186,NORM-1014,82309.28,17739.8,64569.479999999996,41.15,UPI,0,14,23,14,23,1.0,0.8021631908269147,36,96.43846153846152,NORM-1073
TXN-SYN-11568,TXN-SYN-10490,NORM-1015,100229.27,14203.09,86026.18000000001,58.6,UPI,0,18,19,16,19,0.540306292548446,0.814519482425458,33,91.19880952380952,NORM-1093
TXN-SYN-11571,TXN-SYN-10704,NORM-1016,122108.81,7514.3,114594.51,249.0,NEFT,0,15,21,14,18,0.9035014330999471,0.76905274776138,30,104.32142857142856,MCH-2008
TXN-SYN-11574,TXN-SYN-11305,NORM-1017,84204.96,21225.12,62979.84000000001,191.38333333333333,NEFT,0,14,22,14,20,1.0,0.7948774563921396,29,108.70238095238095,MCH-2035
TXN-SYN-11577,TXN-SYN-11914,NORM-1018,83771.75,10223.36,73548.39,245.88333333333333,UPI,0,11,16,10,16,1.0,0.6385830289333299,26,141.43333333333334,NORM-1036
TXN-SYN-11123,TXN-SYN-11238,MCH-2027,31552.41,139164.08,0.0,696.4333333333333,RTGS,0,26,3,24,3,0.300921650687241,0.4783220243467743,27,475.5785714285714,MCH-2009
TXN-SYN-11397,TXN-SYN-11185,MCH-2003,64415.19,61628.69,2786.5,61.86666666666667,RTGS,0,27,18,22,12,1.0,0.9491223547608446,33,172.86014492753625,MCH-2029
TXN-SYN-10303,TXN-SYN-10634,NORM-1089,1628.32,16655.08,0.0,71.58333333333333,UPI,0,9,17,9,17,1.0,0.5654222544400145,26,116.15208333333334,NORM-1020
TXN-SYN-11163,TXN-SYN-10794,MCH-2032,136082.12,63716.05,72366.06999999999,519.9,RTGS,0,19,7,19,7,0.656855049932113,0.5553445984431366,25,205.62051282051283,MCH-2008
TXN-SYN-10878,TXN-SYN-11227,MCH-2029,28628.83,109535.53,0.0,174.4,RTGS,0,26,4,25,4,0.4768410431001316,0.6276223573030835,28,525.5410256410257,MCH-2022
TXN-SYN-11906,TXN-SYN-10517,NORM-1087,9219.27,9761.02,0.0,348.75,UPI,0,12,18,12,17,1.0,0.6455662153680625,29,188.75694444444446,NORM-1015
TXN-SYN-10519,TXN-SYN-11922,NORM-1086,14647.18,8415.58,6231.6,283.8833333333333,UPI,0,13,18,11,18,1.0,0.6788981896048277,26,144.0111111111111,NORM-1022
TXN-SYN-10502,TXN-SYN-10709,NORM-1023,1857.79,1380.55,477.24,12.466666666666667,UPI,0,14,19,13,17,1.0,0.7514374086794816,29,80.57083333333334,MCH-2014
TXN-SYN-10161,TXN-SYN-11022,NORM-1001,1716.45,5336.78,0.0,161.4,NEFT,0,12,23,12,22,1.0,0.7832703401631191,32,97.02499999999999,MCH-2023
TXN-SYN-10224,TXN-SYN-11771,NORM-1088,17662.91,3307.19,14355.72,6.6,UPI,0,11,21,10,21,1.0,0.7038424175031923,28,80.69074074074074,NORM-1077
TXN-84921,TXN-84922,A102,75000.0,73500.0,1500.0,3.0,IMPS,1,4,2,4,1,0.6584543632545509,0.2952271608988027,5,3.9833333333333334,B552
TXN-SYN-11771,TXN-SYN-11885,NORM-1077,3307.19,1864.27,1442.92,164.96666666666667,UPI,0,10,29,10,26,1.0,0.8427421533142455,33,72.28166666666667,NORM-1030
TXN-SYN-10163,TXN-SYN-10747,NORM-1098,1398.74,1554.97,0.0,297.46666666666664,UPI,0,17,19,16,18,1.0,0.7825708902951548,29,80.35588235294118,MCH-2028
TXN-84922,TXN-84923,B552,73500.0,70000.0,3500.0,2.0,IMPS,1,5,2,3,1,0.5081555552731415,0.2707435778978695,4,3.066666666666667,C771
TXN-SYN-11114,TXN-SYN-10760,MCH-2004,6335.46,208081.24,0.0,250.76666666666668,RTGS,0,17,20,17,14,1.0,0.788660343173825,31,99.37564102564102,MCH-2031
TXN-84923,TXN-84924,C771,70000.0,68000.0,2000.0,4.0,RTGS,1,4,2,3,1,0.5911131415644186,0.3840614498319731,4,3.875,D334
TXN-SYN-10162,TXN-SYN-10779,NORM-1076,11607.58,15553.65,0.0,76.15,NEFT,0,7,16,7,14,1.0,0.5101129271733706,21,153.70833333333334,MCH-2012
TXN-SYN-10709,TXN-SYN-11245,MCH-2014,1380.55,166387.27,0.0,72.73333333333333,RTGS,0,27,11,20,9,0.8008858467941137,0.8991481754127669,27,418.02160493827165,MCH-2035
TXN-SYN-11396,TXN-SYN-11492,MCH-2001,214367.22,66553.95,147813.27000000002,523.7666666666667,NEFT,0,18,10,18,7,1.0,0.43642598293262674,25,211.29509803921567,MCH-2008
TXN-84924,TXN-84925,D334,68000.0,65500.0,2500.0,4.0,NEFT,1,8,1,6,1,0.1593672027162984,0.4514672686230249,7,4.0,E889
TXN-SYN-11877,TXN-SYN-11846,NORM-1079,7722.48,11342.52,0.0,58.416666666666664,UPI,0,12,22,12,20,1.0,0.7325218140687279,30,175.80454545454543,NORM-1034
TXN-SYN-11129,TXN-SYN-11043,MCH-2021,12473.81,123853.43,0.0,197.03333333333333,RTGS,0,26,6,22,6,0.6936701868421437,0.6126225776945822,28,296.9126666666667,MCH-2004
TXN-SYN-10569,TXN-SYN-10490,NORM-1015,17909.14,14203.09,3706.0499999999993,32.95,UPI,0,18,19,16,19,0.540306292548446,0.814519482425458,33,91.19880952380952,NORM-1093
TXN-SYN-11237,TXN-SYN-11088,MCH-2006,10432.3,211108.26,0.0,97.11666666666666,RTGS,0,21,16,17,11,1.0,0.8198386173532507,27,121.12416666666665,MCH-2015
TXN-SYN-10393,TXN-SYN-10701,NORM-1110,5834.04,11688.67,0.0,0.5,NEFT,0,5,19,5,15,1.0,0.5426181324892607,20,58.83333333333333,MCH-2021
TXN-SYN-10701,TXN-SYN-11043,MCH-2021,11688.67,123853.43,0.0,195.61666666666667,RTGS,0,26,6,22,6,0.6936701868421437,0.6126225776945822,28,296.9126666666667,MCH-2004
TXN-84925,TXN-SYN-11585,E889,65500.0,90265.79,0.0,1049.75,IMPS,1,4,1,4,1,0.4237243270322347,0.2849183234139547,5,392.74444444444447,MULE-3001
TXN-SYN-10130,TXN-SYN-10006,NORM-1011,11638.29,9116.92,2521.370000000001,17.633333333333333,UPI,0,14,16,14,15,0.6038315617227421,0.6408126453695353,29,110.81153846153846,NORM-1035
TXN-SYN-11133,TXN-SYN-10909,MCH-2016,26017.19,202531.8,0.0,166.78333333333333,RTGS,0,28,4,26,4,0.6234034653990607,0.6765129048360102,29,400.08750000000003,MCH-2007
TXN-SYN-10186,TXN-SYN-11539,NORM-1073,17739.8,27619.54,0.0,18.85,UPI,0,14,20,14,19,1.0,0.7206443408223824,30,128.97976190476194,NORM-1005
TXN-SYN-10566,TXN-SYN-11825,NORM-1096,15120.44,3598.07,11522.37,381.9166666666667,UPI,0,15,13,13,13,1.0,0.6187845303867403,24,164.67261904761904,NORM-1038
TXN-SYN-10835,TXN-SYN-11134,MCH-2005,11549.61,223270.45,0.0,397.68333333333334,RTGS,0,30,11,26,4,0.5749206075508325,0.8868753267198232,29,196.39259259259256,MCH-2012
TXN-SYN-10015,TXN-SYN-11892,NORM-1042,11331.15,11425.32,0.0,738.9166666666666,UPI,0,1,7,1,7,1.0,0.20735684817590774,7,738.9166666666666,NORM-1056
TXN-SYN-11124,TXN-SYN-11238,MCH-2027,16637.38,139164.08,0.0,651.9166666666666,RTGS,0,26,3,24,3,0.300921650687241,0.4783220243467743,27,475.5785714285714,MCH-2009
TXN-SYN-10006,TXN-SYN-11033,NORM-1035,9116.92,32759.08,0.0,364.5833333333333,NEFT,0,2,10,2,8,1.0,0.2766942720442711,10,207.00833333333333,MCH-2031
TXN-SYN-11016,TXN-SYN-10806,MCH-2010,62436.55,244067.45,0.0,40.55,RTGS,0,31,9,26,9,0.5815589894687686,0.8669371831766024,33,661.4083333333333,MCH-2011
TXN-SYN-10200,TXN-SYN-10302,NORM-1095,12613.96,13256.44,0.0,202.81666666666666,UPI,0,12,19,11,18,1.0,0.6891824295533282,26,98.3263888888889,NORM-1101
TXN-SYN-10263,TXN-SYN-11638,NORM-1012,2466.95,177172.05,0.0,402.1166666666667,NEFT,0,17,21,16,21,1.0,0.8985221674876848,33,196.0607843137255,STR-4003
TXN-SYN-10677,TXN-SYN-11560,NORM-1110,13460.99,43549.45,0.0,4.533333333333333,UPI,0,5,19,5,15,1.0,0.5426181324892607,20,58.83333333333333,NORM-1012
TXN-SYN-10876,TXN-SYN-10991,MCH-2011,2072.07,179897.97,0.0,19.85,RTGS,0,29,7,23,6,0.8184959097255264,0.802213515069358,28,293.1798850574713,MCH-2023
TXN-SYN-10198,TXN-SYN-10593,NORM-1020,11548.44,17878.39,0.0,68.46666666666667,UPI,0,13,18,12,16,1.0,0.6748625783862561,28,114.84102564102562,NORM-1093
TXN-SYN-10490,TXN-SYN-10505,NORM-1093,14203.09,4037.01,10166.08,25.683333333333334,UPI,0,12,15,11,13,1.0,0.6060795011691348,23,96.1111111111111,NORM-1082
TXN-SYN-10905,TXN-SYN-10999,MCH-2023,95826.47,65427.21,30399.260000000002,48.416666666666664,RTGS,0,35,8,31,6,0.6193581742780404,0.9352457134571466,36,554.3409523809524,MCH-2016
TXN-SYN-10736,TXN-SYN-10909,MCH-2016,21239.5,202531.8,0.0,143.86666666666667,RTGS,0,28,4,26,4,0.6234034653990607,0.6765129048360102,29,400.08750000000003,MCH-2007
TXN-SYN-11527,TXN-SYN-11022,NORM-1001,27062.65,5336.78,21725.870000000003,110.9,NEFT,0,12,23,12,22,1.0,0.7832703401631191,32,97.02499999999999,MCH-2023
TXN-SYN-11530,TXN-SYN-10082,NORM-1002,28930.97,7733.72,21197.25,72.31666666666666,UPI,0,14,16,14,15,0.975663309338928,0.702297422958623,26,109.75119047619049,NORM-1082
TXN-SYN-11533,TXN-SYN-11080,NORM-1003,31166.24,15298.48,15867.760000000002,88.76666666666667,NEFT,0,11,12,11,12,0.7831577148973093,0.5000996575404519,22,259.80833333333334,MCH-2034
TXN-SYN-11536,TXN-SYN-10651,NORM-1004,34100.14,6239.25,27860.89,526.9666666666667,UPI,0,15,21,13,19,0.8860930506436103,0.7538740751081949,32,238.8311111111111,NORM-1002
TXN-SYN-11539,TXN-SYN-10833,NORM-1005,27619.54,22174.08,5445.459999999999,124.66666666666667,NEFT,0,14,17,13,17,1.0,0.6878995025672952,28,126.5845238095238,MCH-2019
TXN-SYN-11542,TXN-SYN-10588,NORM-1006,42996.39,14816.69,28179.699999999997,440.51666666666665,UPI,0,15,19,15,18,0.897668609769335,0.7273461965855137,31,154.69285714285712,NORM-1099
TXN-SYN-11545,TXN-SYN-11816,NORM-1007,29622.53,6267.73,23354.8,404.78333333333336,UPI,0,9,20,8,20,0.8968319384104775,0.6135510146511751,25,210.9888888888889,NORM-1086
TXN-SYN-11548,TXN-SYN-11111,NORM-1008,41436.4,33779.95,7656.450000000004,99.06666666666666,NEFT,0,11,16,11,14,1.0,0.6092859694980913,25,510.5969696969696,MCH-2020
TXN-SYN-11551,TXN-SYN-10182,NORM-1009,42099.57,3941.27,38158.3,148.31666666666666,UPI,0,14,14,13,14,0.5260067687682748,0.5960159174092229,26,222.03690476190474,NORM-1025
TXN-SYN-11554,TXN-SYN-10820,NORM-1010,30363.81,2077.61,28286.2,162.68333333333334,NEFT,0,18,17,16,16,0.4961328133372379,0.7617942067364373,27,194.57592592592593,MCH-2032
TXN-SYN-11557,TXN-SYN-10329,NORM-1011,44388.56,4380.68,40007.88,3.55,UPI,0,14,16,14,15,0.6038315617227421,0.6408126453695353,29,110.81153846153846,NORM-1070
TXN-SYN-11560,TXN-SYN-11638,NORM-1012,43549.45,177172.05,0.0,395.5,NEFT,0,17,21,16,21,1.0,0.8985221674876848,33,196.0607843137255,STR-4003
TXN-SYN-11563,TXN-SYN-10573,NORM-1013,37040.42,2185.27,34855.15,460.7,UPI,0,12,14,11,13,0.8074267314554087,0.5945650654910879,24,167.3,NORM-1002
TXN-SYN-11566,TXN-SYN-10023,NORM-1014,25857.31,7659.01,18198.300000000003,30.5,UPI,0,14,23,14,23,1.0,0.8021631908269147,36,96.43846153846152,NORM-1048
TXN-SYN-11569,TXN-SYN-10484,NORM-1015,40762.44,5563.21,35199.23,87.55,UPI,0,18,19,16,19,0.540306292548446,0.814519482425458,33,91.19880952380952,NORM-1006
TXN-SYN-11572,TXN-SYN-10704,NORM-1016,35591.72,7514.3,28077.420000000002,189.0,NEFT,0,15,21,14,18,0.9035014330999471,0.76905274776138,30,104.32142857142856,MCH-2008
TXN-SYN-11575,TXN-SYN-11305,NORM-1017,27747.46,21225.12,6522.34,131.38333333333333,NEFT,0,14,22,14,20,1.0,0.7948774563921396,29,108.70238095238095,MCH-2035
TXN-SYN-11578,TXN-SYN-11914,NORM-1018,30561.05,10223.36,20337.69,185.88333333333333,UPI,0,11,16,10,16,1.0,0.6385830289333299,26,141.43333333333334,NORM-1036
TXN-SYN-10770,TXN-SYN-11318,MCH-2019,25343.23,51451.78,0.0,336.81666666666666,RTGS,0,20,5,19,4,0.6934683588975965,0.6205912165656482,22,225.66944444444448,MCH-2002
TXN-SYN-10935,TXN-SYN-11318,MCH-2019,2562.19,51451.78,0.0,336.4,RTGS,0,20,5,19,4,0.6934683588975965,0.6205912165656482,22,225.66944444444448,MCH-2002
TXN-SYN-11070,TXN-SYN-11303,MCH-2028,79895.9,115733.66,0.0,1677.0833333333333,RTGS,0,28,3,26,3,0.18395959630467112,0.6815808277909086,29,636.2574074074074,MCH-2032
TXN-SYN-10329,TXN-SYN-11887,NORM-1070,4380.68,6108.45,0.0,75.86666666666666,UPI,0,12,26,11,25,1.0,0.8800144095926716,34,102.13787878787879,NORM-1104
TXN-SYN-11185,TXN-SYN-11227,MCH-2029,61628.69,109535.53,0.0,115.36666666666666,RTGS,0,26,4,25,4,0.4768410431001316,0.6276223573030835,28,525.5410256410257,MCH-2022
TXN-SYN-10435,TXN-SYN-10282,NORM-1021,10785.92,8646.25,2139.67,263.93333333333334,UPI,0,8,12,7,12,1.0,0.4459391664653747,17,240.21875,NORM-1022
TXN-SYN-11969,TXN-SYN-10498,NORM-1026,4881.98,4134.45,747.5299999999997,260.03333333333336,UPI,0,9,18,9,16,1.0,0.5876449463743758,25,162.84166666666664,NORM-1072
TXN-SYN-10991,TXN-SYN-10999,MCH-2023,179897.97,65427.21,114470.76000000001,31.65,RTGS,0,35,8,31,6,0.6193581742780404,0.9352457134571466,36,554.3409523809524,MCH-2016
TXN-SYN-10471,TXN-SYN-11863,NORM-1071,17880.85,3296.71,14584.14,10.816666666666666,UPI,0,13,20,13,18,1.0,0.7230235530399854,30,223.20256410256408,NORM-1052
TXN-SYN-10634,TXN-SYN-10593,NORM-1020,16655.08,17878.39,0.0,47.61666666666667,UPI,0,13,18,12,16,1.0,0.6748625783862561,28,114.84102564102562,NORM-1093
TXN-SYN-11846,TXN-SYN-11624,NORM-1034,11342.52,289085.12,0.0,155.9,NEFT,0,5,8,5,8,1.0,0.3258780603292204,12,512.99,STR-4001
TXN-SYN-10505,TXN-SYN-10218,NORM-1082,4037.01,1414.45,2622.5600000000004,86.4,UPI,0,13,19,9,18,1.0,0.7073082378078357,24,119.71666666666667,NORM-1016
TXN-SYN-11863,TXN-SYN-11280,NORM-1052,3296.71,715.11,2581.6,296.6,UPI,0,3,8,3,8,1.0,0.24266787592072847,11,150.55555555555557,MCH-2008
TXN-SYN-10116,TXN-SYN-11825,NORM-1096,11614.99,3598.07,8016.92,334.8833333333333,UPI,0,15,13,13,13,1.0,0.6187845303867403,24,164.67261904761904,NORM-1038
TXN-SYN-10806,TXN-SYN-11074,MCH-2011,244067.45,219202.6,24864.850000000006,843.5166666666667,RTGS,0,29,7,23,6,0.8184959097255264,0.802213515069358,28,293.1798850574713,MCH-2012
TXN-SYN-10023,TXN-SYN-11468,NORM-1048,7659.01,26874.26,0.0,804.05,NEFT,0,1,4,1,3,1.0,0.16080617495711835,4,804.05,MCH-2023
TXN-SYN-10942,TXN-SYN-10909,MCH-2016,16848.49,202531.8,0.0,110.33333333333333,RTGS,0,28,4,26,4,0.6234034653990607,0.6765129048360102,29,400.08750000000003,MCH-2007
TXN-SYN-10958,TXN-SYN-11020,MCH-2003,9417.44,92445.44,0.0,1.0166666666666666,RTGS,0,27,18,22,12,1.0,0.9491223547608446,33,172.86014492753625,MCH-2031
TXN-SYN-11020,TXN-SYN-11366,MCH-2031,92445.44,155541.12,0.0,258.03333333333336,RTGS,0,25,7,22,7,0.6879843239693775,0.6797984208849182,25,399.8557971014493,MCH-2033
TXN-SYN-10223,TXN-SYN-10362,NORM-1079,10193.09,5974.14,4218.95,30.966666666666665,UPI,0,12,22,12,20,1.0,0.7325218140687279,30,175.80454545454543,NORM-1005
TXN-SYN-11245,TXN-SYN-11340,MCH-2035,166387.27,193324.2,0.0,228.23333333333332,RTGS,0,18,3,18,3,0.4612827004261736,0.5198841951078622,20,126.80666666666666,MCH-2009
TXN-SYN-11829,TXN-SYN-10580,NORM-1090,4668.95,13344.26,0.0,8.066666666666666,UPI,0,11,27,9,22,1.0,0.8457600712219008,31,79.46363636363637,NORM-1070
TXN-SYN-10478,TXN-SYN-10309,NORM-1080,16990.04,10502.15,6487.890000000001,14.05,UPI,0,11,13,10,12,1.0,0.5431161287889265,21,83.52,NORM-1073
TXN-SYN-10779,TXN-SYN-10718,MCH-2012,15553.65,147606.25,0.0,276.68333333333334,RTGS,0,31,9,21,8,0.8166960909487291,0.8869889803938478,28,297.4005555555556,MCH-2006
TXN-SYN-10616,TXN-SYN-10178,NORM-1089,15674.76,1239.39,14435.37,247.41666666666666,UPI,0,9,17,9,17,1.0,0.5654222544400145,26,116.15208333333334,NORM-1092
TXN-SYN-10700,TXN-SYN-11015,MCH-2009,193371.42,125118.91,68252.51000000001,253.93333333333334,RTGS,0,27,11,20,10,0.6228123125366313,0.8066227977074931,28,210.48333333333332,MCH-2023
TXN-SYN-10580,TXN-SYN-11887,NORM-1070,13344.26,6108.45,7235.81,35.55,UPI,0,12,26,11,25,1.0,0.8800144095926716,34,102.13787878787879,NORM-1104
TXN-SYN-10999,TXN-SYN-10909,MCH-2016,65427.21,202531.8,0.0,96.35,RTGS,0,28,4,26,4,0.6234034653990607,0.6765129048360102,29,400.08750000000003,MCH-2007
TXN-SYN-10309,TXN-SYN-10587,NORM-1073,10502.15,16643.18,0.0,314.28333333333336,UPI,0,14,20,14,19,1.0,0.7206443408223824,30,128.97976190476194,NORM-1067
TXN-SYN-10463,TXN-SYN-11305,NORM-1017,13247.82,21225.12,0.0,75.03333333333333,NEFT,0,14,22,14,20,1.0,0.7948774563921396,29,108.70238095238095,MCH-2035
TXN-SYN-10032,TXN-SYN-11082,NORM-1054,6497.11,2151.39,4345.719999999999,162.75,NEFT,0,3,15,3,15,1.0,0.3824814071538189,18,112.77777777777777,MCH-2015
TXN-SYN-10904,TXN-SYN-11073,MCH-2010,13247.33,154962.03,0.0,1449.45,RTGS,0,31,9,26,9,0.5815589894687686,0.8669371831766024,33,661.4083333333333,MCH-2006
TXN-SYN-11428,TXN-SYN-11134,MCH-2005,18248.66,223270.45,0.0,318.6,RTGS,0,30,11,26,4,0.5749206075508325,0.8868753267198232,29,196.39259259259256,MCH-2012
TXN-SYN-11088,TXN-SYN-11273,MCH-2015,211108.26,117008.4,94099.86000000002,229.26666666666668,RTGS,0,25,13,23,10,1.0,0.8303893360527371,32,116.27500000000002,MCH-2018
TXN-SYN-10362,TXN-SYN-10833,NORM-1005,5974.14,22174.08,0.0,59.25,NEFT,0,14,17,13,17,1.0,0.6878995025672952,28,126.5845238095238,MCH-2019
TXN-SYN-11333,TXN-SYN-11238,MCH-2027,180999.22,139164.08,41835.140000000014,574.3666666666667,RTGS,0,26,3,24,3,0.300921650687241,0.4783220243467743,27,475.5785714285714,MCH-2009
TXN-SYN-10593,TXN-SYN-11106,NORM-1093,17878.39,16796.09,1082.2999999999993,93.06666666666666,NEFT,0,12,15,11,13,1.0,0.6060795011691348,23,96.1111111111111,MCH-2014
TXN-SYN-11819,TXN-SYN-10587,NORM-1073,10708.71,16643.18,0.0,296.81666666666666,UPI,0,14,20,14,19,1.0,0.7206443408223824,30,128.97976190476194,NORM-1067
TXN-SYN-10082,TXN-SYN-10218,NORM-1082,7733.72,1414.45,6319.27,38.36666666666667,UPI,0,13,19,9,18,1.0,0.7073082378078357,24,119.71666666666667,NORM-1016
TXN-SYN-11407,TXN-SYN-11261,MCH-2023,15880.44,113527.45,0.0,1598.3833333333334,RTGS,0,35,8,31,6,0.6193581742780404,0.9352457134571466,36,554.3409523809524,MCH-2014
TXN-SYN-10886,TXN-SYN-11062,MCH-2017,4356.66,199763.53,0.0,107.25,RTGS,0,16,10,15,7,1.0,0.618425921031767,22,182.76444444444445,MCH-2010
TXN-SYN-11887,TXN-SYN-10097,NORM-1104,6108.45,11115.22,0.0,13.9,UPI,0,7,14,7,13,1.0,0.44910179640718567,17,70.66666666666666,NORM-1022
TXN-SYN-10296,TXN-SYN-10609,NORM-1078,13438.54,13556.65,0.0,37.766666666666666,UPI,0,8,16,8,16,1.0,0.5277044854881267,24,135.77142857142854,NORM-1012
TXN-SYN-11522,TXN-SYN-10728,MCH-2014,105548.78,150622.07,0.0,754.5,RTGS,0,27,11,20,9,0.8008858467941137,0.8991481754127669,27,418.02160493827165,MCH-2011
TXN-SYN-10120,TXN-SYN-11305,NORM-1017,17499.41,21225.12,0.0,44.483333333333334,NEFT,0,14,22,14,20,1.0,0.7948774563921396,29,108.70238095238095,MCH-2035
TXN-SYN-10484,TXN-SYN-10588,NORM-1006,5563.21,14816.69,0.0,352.96666666666664,UPI,0,15,19,15,18,0.897668609769335,0.7273461965855137,31,154.69285714285712,NORM-1099
TXN-SYN-11089,TXN-SYN-11273,MCH-2015,7990.69,117008.4,0.0,203.63333333333333,RTGS,0,25,13,23,10,1.0,0.8303893360527371,32,116.27500000000002,MCH-2018
TXN-SYN-11080,TXN-SYN-11140,MCH-2034,15298.48,201916.05,0.0,70.7,RTGS,0,23,9,22,9,1.0,0.7372752814381989,28,228.65606060606058,MCH-2014
TXN-SYN-10525,TXN-SYN-10127,NORM-1099,12266.12,12574.32,0.0,63.15,UPI,0,11,14,10,13,1.0,0.5656926277679655,22,208.42727272727276,NORM-1098
TXN-SYN-10247,TXN-SYN-10773,NORM-1002,10489.59,4757.94,5731.650000000001,67.73333333333333,NEFT,0,14,16,14,15,0.975663309338928,0.702297422958623,26,109.75119047619049,MCH-2031
TXN-SYN-10097,TXN-SYN-11355,NORM-1022,11115.22,1789.1,9326.119999999999,583.8333333333334,UPI,0,12,16,12,14,1.0,0.6766826438957587,26,226.41363636363633,MCH-2008
TXN-SYN-10995,TXN-SYN-11308,MCH-2025,11199.73,79855.82,0.0,96.41666666666667,RTGS,0,26,6,24,6,1.0,0.5005866249511146,30,280.2953703703704,MCH-2018
TXN-SYN-11899,TXN-SYN-10509,NORM-1105,1432.62,1133.26,299.3599999999999,107.36666666666666,UPI,0,11,19,9,18,1.0,0.6783621323183026,26,86.07878787878788,NORM-1011
TXN-SYN-10172,TXN-SYN-11895,NORM-1066,17082.47,11537.93,5544.540000000001,186.75,UPI,0,9,12,7,11,1.0,0.4985524832002321,18,197.34259259259258,NORM-1019
TXN-SYN-11111,TXN-SYN-10738,MCH-2020,33779.95,191457.38,0.0,563.25,RTGS,0,27,3,26,2,0.85700691569958,0.7083035474202667,28,262.7933333333333,MCH-2005
TXN-SYN-10095,TXN-SYN-11830,NORM-1092,3827.97,8602.6,0.0,26.25,UPI,0,14,16,14,16,1.0,0.6852922327201659,27,210.33809523809526,NORM-1058
TXN-SYN-10131,TXN-SYN-10302,NORM-1095,16833.62,13256.44,3577.1799999999985,84.56666666666666,UPI,0,12,19,11,18,1.0,0.6891824295533282,26,98.3263888888889,NORM-1101
TXN-SYN-10605,TXN-SYN-11305,NORM-1017,2415.19,21225.12,0.0,22.316666666666666,NEFT,0,14,22,14,20,1.0,0.7948774563921396,29,108.70238095238095,MCH-2035
TXN-SYN-10218,TXN-SYN-10704,NORM-1016,1414.45,7514.3,0.0,78.31666666666666,NEFT,0,15,21,14,18,0.9035014330999471,0.76905274776138,30,104.32142857142856,MCH-2008
TXN-SYN-11022,TXN-SYN-11261,MCH-2023,5336.78,113527.45,0.0,1564.8166666666666,RTGS,0,35,8,31,6,0.6193581742780404,0.9352457134571466,36,554.3409523809524,MCH-2014
TXN-SYN-10089,TXN-SYN-10332,NORM-1102,11574.42,11927.88,0.0,78.43333333333334,UPI,0,12,15,11,13,1.0,0.5872402126631223,21,112.10555555555557,NORM-1087
TXN-SYN-11736,TXN-SYN-10516,NORM-1080,5624.33,4026.47,1597.8600000000001,57.083333333333336,UPI,0,11,13,10,12,1.0,0.5431161287889265,21,83.52,NORM-1067
TXN-SYN-11935,TXN-SYN-10517,NORM-1087,6535.6,9761.02,0.0,179.31666666666666,UPI,0,12,18,12,17,1.0,0.6455662153680625,29,188.75694444444446,NORM-1015
TXN-SYN-11358,TXN-SYN-11340,MCH-2035,25153.9,193324.2,0.0,144.31666666666666,RTGS,0,18,3,18,3,0.4612827004261736,0.5198841951078622,20,126.80666666666666,MCH-2009
TXN-SYN-10609,TXN-SYN-11638,NORM-1012,13556.65,177172.05,0.0,276.8,NEFT,0,17,21,16,21,1.0,0.8985221674876848,33,196.0607843137255,STR-4003
TXN-SYN-11885,TXN-SYN-10091,NORM-1030,1864.27,12658.1,0.0,50.733333333333334,UPI,0,10,14,9,14,1.0,0.5709829630314965,23,99.05740740740741,NORM-1015
TXN-SYN-11227,TXN-SYN-11287,MCH-2022,109535.53,242025.62,0.0,51.983333333333334,RTGS,0,14,8,12,7,1.0,0.5007587253414264,17,233.9969696969697,MCH-2032
TXN-SYN-10833,TXN-SYN-11318,MCH-2019,22174.08,51451.78,0.0,212.35,RTGS,0,20,5,19,4,0.6934683588975965,0.6205912165656482,22,225.66944444444448,MCH-2002
TXN-SYN-10286,TXN-SYN-10807,NORM-1020,11276.63,19756.19,0.0,106.53333333333333,NEFT,0,13,18,12,16,1.0,0.6748625783862561,28,114.84102564102562,MCH-2031
TXN-SYN-10576,TXN-SYN-10305,NORM-1072,10367.07,5900.42,4466.65,36.483333333333334,UPI,0,15,19,14,18,1.0,0.7515703768290362,31,165.275,NORM-1069
TXN-SYN-10188,TXN-SYN-10509,NORM-1105,16321.31,1133.26,15188.05,75.6,UPI,0,11,19,9,18,1.0,0.6783621323183026,26,86.07878787878788,NORM-1011
TXN-SYN-11830,TXN-SYN-10939,NORM-1058,8602.6,17784.97,0.0,431.43333333333334,NEFT,0,2,9,2,8,1.0,0.1824867973567064,10,481.1916666666667,MCH-2002
TXN-SYN-11305,TXN-SYN-11340,MCH-2035,21225.12,193324.2,0.0,131.53333333333333,RTGS,0,18,3,18,3,0.4612827004261736,0.5198841951078622,20,126.80666666666666,MCH-2009
TXN-SYN-10561,TXN-SYN-10658,NORM-1085,6020.22,8999.53,0.0,88.63333333333334,UPI,0,16,13,14,12,1.0,0.6583220355014661,24,212.5033333333333,NORM-1003
TXN-SYN-10884,TXN-SYN-11368,MCH-2018,25853.55,79007.44,0.0,660.1,RTGS,0,22,7,19,5,0.8577441564033355,0.6701974000962927,23,479.6236842105262,MCH-2031
TXN-SYN-11217,TXN-SYN-10718,MCH-2012,33169.62,147606.25,0.0,174.48333333333332,RTGS,0,31,9,21,8,0.8166960909487291,0.8869889803938478,28,297.4005555555556,MCH-2006
TXN-SYN-11743,TXN-SYN-11278,NORM-1094,8584.2,12607.03,0.0,58.416666666666664,NEFT,0,12,12,12,11,1.0,0.5460647314233708,23,169.33181818181816,MCH-2018
TXN-SYN-10688,TXN-SYN-10658,NORM-1085,854.69,8999.53,0.0,82.66666666666667,UPI,0,16,13,14,12,1.0,0.6583220355014661,24,212.5033333333333,NORM-1003
TXN-SYN-11933,TXN-SYN-11006,NORM-1008,11010.75,32653.98,0.0,19.966666666666665,NEFT,0,11,16,11,14,1.0,0.6092859694980913,25,510.5969696969696,MCH-2006
TXN-SYN-10847,TXN-SYN-10794,MCH-2032,33155.79,63716.05,0.0,324.78333333333336,RTGS,0,19,7,19,7,0.656855049932113,0.5553445984431366,25,205.62051282051283,MCH-2008
TXN-SYN-10909,TXN-SYN-11524,MCH-2007,202531.8,111405.61,91126.18999999999,132.46666666666667,NEFT,0,21,14,21,8,1.0,0.6929168499780026,28,283.69629629629634,MCH-2014
TXN-SYN-11664,TXN-SYN-11665,STR-4008,278951.49,46968.81,231982.68,35.86666666666667,IMPS,1,1,6,1,5,0.9752566655944372,4.798172124904798,6,35.86666666666667,MULE-3022
TXN-SYN-11845,TXN-SYN-10178,NORM-1089,1224.8,1239.39,0.0,144.56666666666666,UPI,0,9,17,9,17,1.0,0.5654222544400145,26,116.15208333333334,NORM-1092
TXN-SYN-11128,TXN-SYN-11469,MCH-2008,23189.05,162878.03,0.0,83.7,RTGS,0,39,3,34,3,0.2427401117423724,0.9007989228541982,37,628.5277777777779,MCH-2023
TXN-SYN-10059,TXN-SYN-10182,NORM-1009,8231.37,3941.27,4290.1,0.5,UPI,0,14,14,13,14,0.5260067687682748,0.5960159174092229,26,222.03690476190474,NORM-1025
TXN-SYN-10182,TXN-SYN-11968,NORM-1025,3941.27,6548.4,0.0,622.2833333333333,UPI,0,16,9,15,9,0.5469324490164661,0.5395586410316361,22,330.58000000000004,NORM-1081
TXN-SYN-10568,TXN-SYN-10388,NORM-1019,17357.08,6955.03,10402.050000000003,34.7,UPI,0,8,14,8,14,1.0,0.4629710818441682,20,124.86904761904762,NORM-1086
TXN-SYN-10127,TXN-SYN-10747,NORM-1098,12574.32,1554.97,11019.35,102.58333333333333,UPI,0,17,19,16,18,1.0,0.7825708902951548,29,80.35588235294118,MCH-2028
TXN-SYN-10035,TXN-SYN-11376,NORM-1057,6365.23,24312.87,0.0,360.1,NEFT,0,1,7,1,7,1.0,0.1990049751243781,8,360.1,MCH-2012
TXN-SYN-10773,TXN-SYN-11366,MCH-2031,4757.94,155541.12,0.0,134.63333333333333,RTGS,0,25,7,22,7,0.6879843239693775,0.6797984208849182,25,399.8557971014493,MCH-2033
TXN-SYN-10894,TXN-SYN-10794,MCH-2032,6389.38,63716.05,0.0,309.0833333333333,RTGS,0,19,7,19,7,0.656855049932113,0.5553445984431366,25,205.62051282051283,MCH-2008
TXN-SYN-11140,TXN-SYN-10728,MCH-2014,201916.05,150622.07,51293.97999999998,678.5833333333334,RTGS,0,27,11,20,9,0.8008858467941137,0.8991481754127669,27,418.02160493827165,MCH-2011
TXN-SYN-11106,TXN-SYN-10728,MCH-2014,16796.09,150622.07,0.0,678.5166666666667,RTGS,0,27,11,20,9,0.8008858467941137,0.8991481754127669,27,418.02160493827165,MCH-2011
TXN-SYN-11043,TXN-SYN-10760,MCH-2004,123853.43,208081.24,0.0,46.833333333333336,RTGS,0,17,20,17,14,1.0,0.788660343173825,31,99.37564102564102,MCH-2031
TXN-SYN-10305,TXN-SYN-10720,NORM-1069,5900.42,22873.36,0.0,371.56666666666666,NEFT,0,15,15,15,15,1.0,0.6611813106082868,26,221.37380952380954,MCH-2002
TXN-SYN-10820,TXN-SYN-10794,MCH-2032,2077.61,63716.05,0.0,304.98333333333335,RTGS,0,19,7,19,7,0.656855049932113,0.5553445984431366,25,205.62051282051283,MCH-2008
TXN-SYN-11006,TXN-SYN-11518,MCH-2006,32653.98,100595.28,0.0,91.18333333333334,NEFT,0,21,16,17,11,1.0,0.8198386173532507,27,121.12416666666665,MCH-2013
TXN-SYN-10792,TXN-SYN-11518,MCH-2006,192692.46,100595.28,92097.18,88.55,NEFT,0,21,16,17,11,1.0,0.8198386173532507,27,121.12416666666665,MCH-2013
TXN-SYN-10091,TXN-SYN-10548,NORM-1015,12658.1,15400.15,0.0,148.6,UPI,0,18,19,16,19,0.540306292548446,0.814519482425458,33,91.19880952380952,NORM-1010
TXN-SYN-11287,TXN-SYN-10794,MCH-2032,242025.62,63716.05,178309.57,293.01666666666665,RTGS,0,19,7,19,7,0.656855049932113,0.5553445984431366,25,205.62051282051283,MCH-2008
TXN-SYN-10516,TXN-SYN-11471,NORM-1067,4026.47,12992.93,0.0,11.95,NEFT,0,12,19,11,17,1.0,0.7465881723307465,26,120.43333333333332,MCH-2006
TXN-SYN-10334,TXN-SYN-10332,NORM-1102,8043.0,11927.88,0.0,20.866666666666667,UPI,0,12,15,11,13,1.0,0.5872402126631223,21,112.10555555555557,NORM-1087
TXN-SYN-11624,TXN-SYN-11625,STR-4001,289085.12,48844.53,240240.59,17.6,IMPS,1,1,6,1,6,0.9522663428681492,6.391072787217855,7,17.6,MULE-3008
TXN-SYN-11665,TXN-SYN-11607,MULE-3022,46968.81,83424.77,0.0,95.31666666666666,IMPS,1,5,1,5,1,0.3155395874202142,0.49581085733960745,6,47.73333333333333,MULE-3023
TXN-SYN-11707,TXN-SYN-11708,STR-4016,184418.46,46091.28,138327.18,33.61666666666667,IMPS,1,1,5,1,5,1.0,4.757709251101322,6,33.61666666666667,MULE-3006
TXN-SYN-10388,TXN-SYN-11922,NORM-1086,6955.03,8415.58,0.0,50.25,UPI,0,13,18,11,18,1.0,0.6788981896048277,26,144.0111111111111,NORM-1022
TXN-SYN-11580,TXN-SYN-11581,A102,84799.94,81057.07,3742.8699999999953,4.966666666666667,IMPS,1,4,2,4,1,0.6584543632545509,0.2952271608988027,5,3.9833333333333334,B552
TXN-SYN-10354,TXN-SYN-11833,NORM-1100,6430.61,11280.96,0.0,356.35,UPI,0,11,11,11,11,1.0,0.4946506529763355,20,209.14629629629633,NORM-1055
TXN-SYN-11062,TXN-SYN-11073,MCH-2010,199763.53,154962.03,44801.5,1327.1666666666667,RTGS,0,31,9,26,9,0.5815589894687686,0.8669371831766024,33,661.4083333333333,MCH-2006
TXN-SYN-11914,TXN-SYN-10911,NORM-1036,10223.36,1772.51,8450.85,108.3,UPI,0,6,5,6,5,0.24972184701876418,0.2738343025869044,11,514.7194444444444,MCH-2009
TXN-SYN-11471,TXN-SYN-11518,MCH-2006,12992.93,100595.28,0.0,67.26666666666667,NEFT,0,21,16,17,11,1.0,0.8198386173532507,27,121.12416666666665,MCH-2013
TXN-SYN-11271,TXN-SYN-11518,MCH-2006,24767.52,100595.28,0.0,66.35,NEFT,0,21,16,17,11,1.0,0.8198386173532507,27,121.12416666666665,MCH-2013
TXN-SYN-10241,TXN-SYN-11317,NORM-1070,15104.24,8921.41,6182.83,158.46666666666667,NEFT,0,12,26,11,25,1.0,0.8800144095926716,34,102.13787878787879,MCH-2003
TXN-SYN-11581,TXN-SYN-11582,B552,81057.07,77145.1,3911.970000000001,4.133333333333334,IMPS,1,5,2,3,1,0.5081555552731415,0.2707435778978695,4,3.066666666666667,C771
TXN-SYN-11181,TXN-SYN-11273,MCH-2015,26953.34,117008.4,0.0,103.68333333333334,RTGS,0,25,13,23,10,1.0,0.8303893360527371,32,116.27500000000002,MCH-2018
TXN-SYN-10982,TXN-SYN-11265,MCH-2033,34140.71,191539.46,0.0,858.3666666666667,RTGS,0,21,7,17,6,0.9203997543136714,0.6931407942238267,22,377.7255555555556,MCH-2031
TXN-SYN-10292,TXN-SYN-10086,NORM-1001,17946.81,4319.96,13626.850000000002,31.4,UPI,0,12,23,12,22,1.0,0.7832703401631191,32,97.02499999999999,NORM-1027
TXN-SYN-10704,TXN-SYN-11469,MCH-2008,7514.3,162878.03,0.0,40.083333333333336,RTGS,0,39,3,34,3,0.2427401117423724,0.9007989228541982,37,628.5277777777779,MCH-2023
TXN-SYN-11737,TXN-SYN-11825,NORM-1096,1796.53,3598.07,0.0,173.45,UPI,0,15,13,13,13,1.0,0.6187845303867403,24,164.67261904761904,NORM-1038
TXN-SYN-11308,TXN-SYN-11368,MCH-2018,79855.82,79007.44,848.3800000000047,606.45,RTGS,0,22,7,19,5,0.8577441564033355,0.6701974000962927,23,479.6236842105262,MCH-2031
TXN-SYN-11891,TXN-SYN-11703,NORM-1032,3560.63,253704.58,0.0,783.8,NEFT,0,3,11,3,10,1.0,0.2201382852799993,13,471.46111111111117,STR-4015
TXN-SYN-11582,TXN-SYN-11583,C771,77145.1,74184.83,2960.270000000004,3.75,IMPS,1,4,2,3,1,0.5911131415644186,0.3840614498319731,4,3.875,D334
TXN-SYN-10302,TXN-SYN-10382,NORM-1101,13256.44,16582.46,0.0,129.25,UPI,0,4,25,4,22,1.0,0.6549725212677859,26,78.21666666666667,NORM-1027
TXN-SYN-11666,TXN-SYN-11593,MULE-3008,45868.01,47116.03,0.0,223.18333333333334,IMPS,1,6,1,5,1,0.1672296650386547,0.3010644779756998,6,159.98333333333332,MULE-3009
TXN-SYN-10019,TXN-SYN-10961,NORM-1044,4437.32,34035.63,0.0,626.1833333333333,NEFT,0,1,9,1,9,1.0,0.2438363587103766,10,626.1833333333333,MCH-2017
TXN-SYN-10332,TXN-SYN-10517,NORM-1087,11927.88,9761.02,2166.8599999999988,101.63333333333334,UPI,0,12,18,12,17,1.0,0.6455662153680625,29,188.75694444444446,NORM-1015
TXN-SYN-11625,TXN-SYN-11593,MULE-3008,48844.53,47116.03,1728.5,220.85,IMPS,1,6,1,5,1,0.1672296650386547,0.3010644779756998,6,159.98333333333332,MULE-3009
TXN-SYN-10222,TXN-SYN-11895,NORM-1066,11522.97,11537.93,0.0,86.6,UPI,0,9,12,7,11,1.0,0.4985524832002321,18,197.34259259259258,NORM-1019
TXN-SYN-11278,TXN-SYN-11368,MCH-2018,12607.03,79007.44,0.0,596.4166666666666,RTGS,0,22,7,19,5,0.8577441564033355,0.6701974000962927,23,479.6236842105262,MCH-2031
TXN-SYN-10923,TXN-SYN-11134,MCH-2005,4738.35,223270.45,0.0,180.23333333333332,RTGS,0,30,11,26,4,0.5749206075508325,0.8868753267198232,29,196.39259259259256,MCH-2012
TXN-SYN-10509,TXN-SYN-11044,NORM-1011,1133.26,28168.37,0.0,85.38333333333334,NEFT,0,14,16,14,15,0.6038315617227421,0.6408126453695353,29,110.81153846153846,MCH-2034
TXN-SYN-11667,TXN-SYN-11614,MULE-3029,46388.74,73357.15,0.0,785.9333333333333,IMPS,1,5,1,5,1,0.33770331463893016,0.26124186642800123,6,500.15416666666664,MULE-3030
TXN-SYN-10391,TXN-SYN-11831,NORM-1023,8767.04,1569.05,7197.990000000001,65.76666666666667,UPI,0,14,19,13,17,1.0,0.7514374086794816,29,80.57083333333334,NORM-1062
TXN-SYN-11626,TXN-SYN-11606,MULE-3021,49018.7,85452.17,0.0,64.75,IMPS,1,2,1,2,1,0.6187005287456387,2.77992277992278,3,33.625,MULE-3022
TXN-SYN-11276,TXN-SYN-11492,MCH-2001,34408.06,66553.95,0.0,278.28333333333336,NEFT,0,18,10,18,7,1.0,0.43642598293262674,25,211.29509803921567,MCH-2008
TXN-SYN-10760,TXN-SYN-11366,MCH-2031,208081.24,155541.12,52540.119999999995,83.61666666666666,RTGS,0,25,7,22,7,0.6879843239693775,0.6797984208849182,25,399.8557971014493,MCH-2033
TXN-SYN-10767,TXN-SYN-11261,MCH-2023,27003.42,113527.45,0.0,1466.65,RTGS,0,35,8,31,6,0.6193581742780404,0.9352457134571466,36,554.3409523809524,MCH-2014
TXN-SYN-11412,TXN-SYN-11073,MCH-2010,28687.83,154962.03,0.0,1301.1166666666666,RTGS,0,31,9,26,9,0.5815589894687686,0.8669371831766024,33,661.4083333333333,MCH-2006
TXN-SYN-11798,TXN-SYN-11239,NORM-1031,6821.55,5923.51,898.04,75.98333333333333,NEFT,0,5,9,5,9,1.0,0.343551256620519,14,594.5733333333333,MCH-2023
TXN-SYN-11708,TXN-SYN-11591,MULE-3006,46091.28,71579.67,0.0,637.4,IMPS,1,3,1,3,1,0.4260653811591449,0.3484489183564826,4,319.75,MULE-3007
TXN-SYN-10619,TXN-SYN-10336,NORM-1076,11589.59,17014.64,0.0,123.03333333333333,UPI,0,7,16,7,14,1.0,0.5101129271733706,21,153.70833333333334,NORM-1090
TXN-SYN-11628,TXN-SYN-11601,MULE-3016,47965.73,81548.73,0.0,38.13333333333333,IMPS,1,4,1,3,1,0.39981209764450865,1.0594467333725721,4,20.55,MULE-3017
TXN-SYN-10086,TXN-SYN-11176,NORM-1027,4319.96,13282.88,0.0,38.65,NEFT,0,12,16,11,16,1.0,0.7153146887884357,26,83.9763888888889,MCH-2010
TXN-SYN-11869,TXN-SYN-10338,NORM-1071,8106.88,17786.47,0.0,141.43333333333334,UPI,0,13,20,13,18,1.0,0.7230235530399854,30,223.20256410256408,NORM-1087
TXN-SYN-11082,TXN-SYN-11273,MCH-2015,2151.39,117008.4,0.0,69.01666666666667,RTGS,0,25,13,23,10,1.0,0.8303893360527371,32,116.27500000000002,MCH-2018
TXN-SYN-10658,TXN-SYN-11534,NORM-1003,8999.53,18014.99,0.0,1094.7833333333333,UPI,0,11,12,11,12,0.7831577148973093,0.5000996575404519,22,259.80833333333334,NORM-1026
TXN-SYN-11669,TXN-SYN-11593,MULE-3008,44752.73,47116.03,0.0,191.35,IMPS,1,6,1,5,1,0.1672296650386547,0.3010644779756998,6,159.98333333333332,MULE-3009
TXN-SYN-11300,TXN-SYN-11303,MCH-2028,224009.12,115733.66,108275.45999999999,1453.5333333333333,RTGS,0,28,3,26,3,0.18395959630467112,0.6815808277909086,29,636.2574074074074,MCH-2032
TXN-SYN-11469,TXN-SYN-11261,MCH-2023,162878.03,113527.45,49350.58,1446.6333333333334,RTGS,0,35,8,31,6,0.6193581742780404,0.9352457134571466,36,554.3409523809524,MCH-2014
TXN-SYN-11629,TXN-SYN-11607,MULE-3022,42302.38,83424.77,0.0,43.71666666666667,IMPS,1,5,1,5,1,0.3155395874202142,0.49581085733960745,6,47.73333333333333,MULE-3023
TXN-SYN-10807,TXN-SYN-11366,MCH-2031,19756.19,155541.12,0.0,61.13333333333333,RTGS,0,25,7,22,7,0.6879843239693775,0.6797984208849182,25,399.8557971014493,MCH-2033
TXN-SYN-10819,TXN-SYN-11470,MCH-2024,20310.96,189270.77,0.0,179.8,RTGS,0,18,11,17,9,1.0,0.590658097220965,25,146.028125,MCH-2034
TXN-SYN-11710,TXN-SYN-11609,MULE-3024,43834.72,89106.97,0.0,503.26666666666665,IMPS,1,5,1,5,1,0.33954586339930465,0.26911528350547576,6,259.2888888888889,MULE-3025
TXN-SYN-11922,TXN-SYN-11355,NORM-1022,8415.58,1789.1,6626.48,443.8666666666667,UPI,0,12,16,12,14,1.0,0.6766826438957587,26,226.41363636363633,MCH-2008
TXN-SYN-10903,TXN-SYN-11134,MCH-2005,22274.23,223270.45,0.0,147.8,RTGS,0,30,11,26,4,0.5749206075508325,0.8868753267198232,29,196.39259259259256,MCH-2012
TXN-SYN-10663,TXN-SYN-10560,NORM-1079,5807.14,1634.4,4172.74,99.35,UPI,0,12,22,12,20,1.0,0.7325218140687279,30,175.80454545454543,NORM-1005
TXN-SYN-11327,TXN-SYN-11238,MCH-2027,5477.26,139164.08,0.0,403.8,RTGS,0,26,3,24,3,0.300921650687241,0.4783220243467743,27,475.5785714285714,MCH-2009
TXN-SYN-10729,TXN-SYN-11265,MCH-2033,13435.01,191539.46,0.0,808.65,RTGS,0,21,7,17,6,0.9203997543136714,0.6931407942238267,22,377.7255555555556,MCH-2031
TXN-SYN-10520,TXN-SYN-11638,NORM-1012,16277.01,177172.05,0.0,154.73333333333332,NEFT,0,17,21,16,21,1.0,0.8985221674876848,33,196.0607843137255,STR-4003
TXN-SYN-11711,TXN-SYN-11586,MULE-3001,47364.13,88115.11,0.0,778.7333333333333,IMPS,1,2,1,2,1,0.6402322256672096,0.2311445937847787,3,390.26666666666665,MULE-3002
TXN-SYN-10648,TXN-SYN-11833,NORM-1100,10139.67,11280.96,0.0,295.96666666666664,UPI,0,11,11,11,11,1.0,0.4946506529763355,20,209.14629629629633,NORM-1055
TXN-SYN-10170,TXN-SYN-10517,NORM-1087,4670.16,9761.02,0.0,52.21666666666667,UPI,0,12,18,12,17,1.0,0.6455662153680625,29,188.75694444444446,NORM-1015
TXN-SYN-11884,TXN-SYN-10720,NORM-1069,2744.38,22873.36,0.0,287.81666666666666,NEFT,0,15,15,15,15,1.0,0.6611813106082868,26,221.37380952380954,MCH-2002
TXN-SYN-10274,TXN-SYN-10436,NORM-1093,10932.82,1150.38,9782.439999999999,48.0,UPI,0,12,15,11,13,1.0,0.6060795011691348,23,96.1111111111111,NORM-1096
TXN-SYN-11518,TXN-SYN-11164,MCH-2013,100595.28,136455.13,0.0,147.28333333333333,RTGS,0,26,8,21,7,0.7886574067900582,0.8154129027100487,28,320.3467948717949,MCH-2021
TXN-SYN-10747,TXN-SYN-11303,MCH-2028,1554.97,115733.66,0.0,1424.95,RTGS,0,28,3,26,3,0.18395959630467112,0.6815808277909086,29,636.2574074074074,MCH-2032
TXN-SYN-11600,TXN-SYN-11601,MULE-3016,83504.42,81548.73,1955.6900000000023,2.966666666666667,IMPS,1,4,1,3,1,0.39981209764450865,1.0594467333725721,4,20.55,MULE-3017
TXN-SYN-10359,TXN-SYN-10451,NORM-1002,1751.4,4996.6,0.0,37.78333333333333,UPI,0,14,16,14,15,0.975663309338928,0.702297422958623,26,109.75119047619049,NORM-1075
TXN-SYN-10826,TXN-SYN-11073,MCH-2010,9935.07,154962.03,0.0,1255.15,RTGS,0,31,9,26,9,0.5815589894687686,0.8669371831766024,33,661.4083333333333,MCH-2006
TXN-SYN-10485,TXN-SYN-10436,NORM-1093,17544.2,1150.38,16393.82,40.85,UPI,0,12,15,11,13,1.0,0.6060795011691348,23,96.1111111111111,NORM-1096
TXN-SYN-11931,TXN-SYN-11696,NORM-1065,2932.78,263225.49,0.0,169.56666666666666,NEFT,0,2,10,2,10,1.0,0.3933996284559064,12,95.80833333333334,STR-4014
TXN-SYN-11601,TXN-SYN-11602,MULE-3017,81548.73,78020.7,3528.029999999999,2.95,IMPS,1,1,1,1,1,0.9567371558085577,20.0,2,2.95,MULE-3018
TXN-SYN-11176,TXN-SYN-11073,MCH-2010,13282.88,154962.03,0.0,1252.9,RTGS,0,31,9,26,9,0.5815589894687686,0.8669371831766024,33,661.4083333333333,MCH-2006
TXN-SYN-11602,TXN-SYN-11603,MULE-3018,78020.7,75838.78,2181.9199999999983,2.533333333333333,IMPS,1,4,1,4,1,0.4278712021518025,0.40012448317254257,5,2.533333333333333,MULE-3019
TXN-SYN-10364,TXN-SYN-10528,NORM-1081,8812.81,4880.84,3931.9699999999993,8.766666666666667,UPI,0,9,10,6,9,1.0,0.43156480096912797,15,231.69791666666669,NORM-1018
TXN-SYN-11340,TXN-SYN-11015,MCH-2009,193324.2,125118.91,68205.29000000001,32.833333333333336,RTGS,0,27,11,20,10,0.6228123125366313,0.8066227977074931,28,210.48333333333332,MCH-2023
TXN-SYN-11604,TXN-SYN-11605,MULE-3020,92170.73,89096.86,3073.8699999999953,2.9166666666666665,IMPS,1,7,1,7,1,0.2445281199820739,0.6452335611067548,8,2.9166666666666665,MULE-3021
TXN-SYN-11773,TXN-SYN-10661,NORM-1082,6949.8,13359.84,0.0,34.75,UPI,0,13,19,9,18,1.0,0.7073082378078357,24,119.71666666666667,NORM-1067
TXN-SYN-11605,TXN-SYN-11606,MULE-3021,89096.86,85452.17,3644.6900000000023,2.5,IMPS,1,2,1,2,1,0.6187005287456387,2.77992277992278,3,33.625,MULE-3022
TXN-SYN-10498,TXN-SYN-11802,NORM-1072,4134.45,2828.98,1305.4699999999998,70.0,UPI,0,15,19,14,18,1.0,0.7515703768290362,31,165.275,NORM-1076
TXN-SYN-11071,TXN-SYN-10892,MCH-2026,17536.12,96828.8,0.0,502.23333333333335,RTGS,0,19,6,19,6,0.7349821465112782,0.5605485902202956,24,297.7166666666667,MCH-2030
TXN-SYN-10528,TXN-SYN-10429,NORM-1018,4880.84,6372.92,0.0,57.03333333333333,UPI,0,11,16,10,16,1.0,0.6385830289333299,26,141.43333333333334,NORM-1022
TXN-SYN-11606,TXN-SYN-11607,MULE-3022,85452.17,83424.77,2027.3999999999942,4.166666666666667,IMPS,1,5,1,5,1,0.3155395874202142,0.49581085733960745,6,47.73333333333333,MULE-3023
TXN-SYN-11831,TXN-SYN-10013,NORM-1062,1569.05,2067.1,0.0,181.0,UPI,0,5,9,5,9,1.0,0.33305578684429643,14,254.28999999999996,NORM-1041
TXN-SYN-10282,TXN-SYN-11355,NORM-1022,8646.25,1789.1,6857.15,405.46666666666664,UPI,0,12,16,12,14,1.0,0.6766826438957587,26,226.41363636363633,MCH-2008
TXN-SYN-11644,TXN-SYN-11645,STR-4004,182898.6,44422.29,138476.31,16.15,IMPS,1,1,4,1,4,0.9970097092049911,9.703504043126685,5,16.15,D334
TXN-SYN-10121,TXN-SYN-10587,NORM-1073,13736.31,16643.18,0.0,91.2,UPI,0,14,20,14,19,1.0,0.7206443408223824,30,128.97976190476194,NORM-1067
TXN-SYN-11384,TXN-SYN-11164,MCH-2013,11346.94,136455.13,0.0,127.18333333333334,RTGS,0,26,8,21,7,0.7886574067900582,0.8154129027100487,28,320.3467948717949,MCH-2021
TXN-SYN-11524,TXN-SYN-10728,MCH-2014,111405.61,150622.07,0.0,562.1833333333333,RTGS,0,27,11,20,9,0.8008858467941137,0.8991481754127669,27,418.02160493827165,MCH-2011
TXN-SYN-10374,TXN-SYN-11433,NORM-1026,2918.75,10817.8,0.0,144.08333333333334,NEFT,0,9,18,9,16,1.0,0.5876449463743758,25,162.84166666666664,MCH-2019
TXN-SYN-11895,TXN-SYN-10629,NORM-1019,11537.93,16400.15,0.0,300.56666666666666,UPI,0,8,14,8,14,1.0,0.4629710818441682,20,124.86904761904762,NORM-1011
TXN-SYN-10105,TXN-SYN-10451,NORM-1002,6923.31,4996.6,1926.71,9.2,UPI,0,14,16,14,15,0.975663309338928,0.702297422958623,26,109.75119047619049,NORM-1075
TXN-SYN-10159,TXN-SYN-10451,NORM-1002,3638.88,4996.6,0.0,8.65,UPI,0,14,16,14,15,0.975663309338928,0.702297422958623,26,109.75119047619049,NORM-1075
TXN-SYN-10381,TXN-SYN-11433,NORM-1026,6393.75,10817.8,0.0,135.35,NEFT,0,9,18,9,16,1.0,0.5876449463743758,25,162.84166666666664,MCH-2019
TXN-SYN-11239,TXN-SYN-11261,MCH-2023,5923.51,113527.45,0.0,1388.5833333333333,RTGS,0,35,8,31,6,0.6193581742780404,0.9352457134571466,36,554.3409523809524,MCH-2014
TXN-SYN-11044,TXN-SYN-11367,MCH-2034,28168.37,164609.18,0.0,301.35,RTGS,0,23,9,22,9,1.0,0.7372752814381989,28,228.65606060606058,MCH-2030
TXN-SYN-10178,TXN-SYN-11658,NORM-1092,1239.39,255439.48,0.0,567.6,NEFT,0,14,16,14,16,1.0,0.6852922327201659,27,210.33809523809526,STR-4007
TXN-SYN-11251,TXN-SYN-10794,MCH-2032,165490.02,63716.05,101773.96999999999,178.33333333333334,RTGS,0,19,7,19,7,0.656855049932113,0.5553445984431366,25,205.62051282051283,MCH-2008
TXN-SYN-11749,TXN-SYN-10890,NORM-1060,9879.86,15777.38,0.0,126.53333333333333,NEFT,0,5,11,5,9,1.0,0.2731825770223099,14,175.31333333333333,MCH-2021
TXN-SYN-11273,TXN-SYN-11368,MCH-2018,117008.4,79007.44,38000.95999999999,505.25,RTGS,0,22,7,19,5,0.8577441564033355,0.6701974000962927,23,479.6236842105262,MCH-2031
TXN-SYN-11366,TXN-SYN-11265,MCH-2033,155541.12,191539.46,0.0,754.7833333333333,RTGS,0,21,7,17,6,0.9203997543136714,0.6931407942238267,22,377.7255555555556,MCH-2031
TXN-SYN-10100,TXN-SYN-11802,NORM-1072,14119.69,2828.98,11290.710000000001,45.55,UPI,0,15,19,14,18,1.0,0.7515703768290362,31,165.275,NORM-1076
TXN-SYN-10911,TXN-SYN-11015,MCH-2009,1772.51,125118.91,0.0,1.5666666666666667,RTGS,0,27,11,20,10,0.6228123125366313,0.8066227977074931,28,210.48333333333332,MCH-2023
TXN-SYN-10451,TXN-SYN-10554,NORM-1075,4996.6,15419.94,0.0,31.966666666666665,UPI,0,11,23,11,21,1.0,0.7340021708234137,29,114.11000000000001,NORM-1009
TXN-SYN-10745,TXN-SYN-11519,MCH-2007,27703.06,91453.08,0.0,205.18333333333334,NEFT,0,21,14,21,8,1.0,0.6929168499780026,28,283.69629629629634,MCH-2014
TXN-SYN-11015,TXN-SYN-11261,MCH-2023,125118.91,113527.45,11591.460000000006,1379.9666666666667,RTGS,0,35,8,31,6,0.6193581742780404,0.9352457134571466,36,554.3409523809524,MCH-2014
TXN-SYN-10517,TXN-SYN-10548,NORM-1015,9761.02,15400.15,0.0,22.933333333333334,UPI,0,18,19,16,19,0.540306292548446,0.814519482425458,33,91.19880952380952,NORM-1010
TXN-SYN-10436,TXN-SYN-11825,NORM-1096,1150.38,3598.07,0.0,65.6,UPI,0,15,13,13,13,1.0,0.6187845303867403,24,164.67261904761904,NORM-1038
TXN-SYN-11647,TXN-SYN-11614,MULE-3029,42160.15,73357.15,0.0,692.1666666666666,IMPS,1,5,1,5,1,0.33770331463893016,0.26124186642800123,6,500.15416666666664,MULE-3030
TXN-SYN-11223,TXN-SYN-11249,MCH-2006,31023.73,58486.52,0.0,54.083333333333336,RTGS,0,21,16,17,11,1.0,0.8198386173532507,27,121.12416666666665,MCH-2010
TXN-SYN-10168,TXN-SYN-10060,NORM-1093,12642.74,6652.08,5990.66,9.466666666666667,UPI,0,12,15,11,13,1.0,0.6060795011691348,23,96.1111111111111,NORM-1096
TXN-SYN-10661,TXN-SYN-10177,NORM-1067,13359.84,1929.99,11429.85,182.63333333333333,UPI,0,12,19,11,17,1.0,0.7465881723307465,26,120.43333333333332,NORM-1006
TXN-SYN-11648,TXN-SYN-11587,MULE-3002,49599.8,85290.66,0.0,720.8666666666667,IMPS,1,2,1,2,1,0.6193277111389028,0.24969943586423748,3,362.7916666666667,MULE-3003
TXN-SYN-10915,TXN-SYN-11465,MCH-2025,30504.73,197388.82,0.0,427.4166666666667,RTGS,0,26,6,24,6,1.0,0.5005866249511146,30,280.2953703703704,MCH-2033
TXN-SYN-10060,TXN-SYN-11825,NORM-1096,6652.08,3598.07,3054.0099999999998,53.03333333333333,UPI,0,15,13,13,13,1.0,0.6187845303867403,24,164.67261904761904,NORM-1038
TXN-SYN-10718,TXN-SYN-11249,MCH-2006,147606.25,58486.52,89119.73000000001,40.733333333333334,RTGS,0,21,16,17,11,1.0,0.8198386173532507,27,121.12416666666665,MCH-2010
TXN-SYN-10053,TXN-SYN-10848,NORM-1094,11478.44,9240.81,2237.630000000001,341.68333333333334,NEFT,0,12,12,12,11,1.0,0.5460647314233708,23,169.33181818181816,MCH-2025
TXN-SYN-11937,TXN-SYN-11118,NORM-1038,7043.51,2925.11,4118.4,125.28333333333333,NEFT,0,4,11,4,11,1.0,0.35204151482159973,15,119.72777777777777,MCH-2031
TXN-SYN-10501,TXN-SYN-10382,NORM-1101,16743.09,16582.46,160.63000000000102,3.283333333333333,UPI,0,4,25,4,22,1.0,0.6549725212677859,26,78.21666666666667,NORM-1027
TXN-SYN-10183,TXN-SYN-10055,NORM-1098,12474.79,10902.8,1571.9900000000016,104.23333333333333,UPI,0,17,19,16,18,1.0,0.7825708902951548,29,80.35588235294118,NORM-1079
TXN-SYN-10548,TXN-SYN-10650,NORM-1010,15400.15,2022.47,13377.68,16.533333333333335,UPI,0,18,17,16,16,0.4961328133372379,0.7617942067364373,27,194.57592592592593,NORM-1097
TXN-SYN-10382,TXN-SYN-10427,NORM-1027,16582.46,1302.29,15280.169999999998,5.6,UPI,0,12,16,11,16,1.0,0.7153146887884357,26,83.9763888888889,NORM-1016
TXN-SYN-11280,TXN-SYN-11021,MCH-2008,715.11,116759.76,0.0,1382.5,RTGS,0,39,3,34,3,0.2427401117423724,0.9007989228541982,37,628.5277777777779,MCH-2028
TXN-SYN-10554,TXN-SYN-10234,NORM-1009,15419.94,7061.59,8358.35,130.81666666666666,UPI,0,14,14,13,14,0.5260067687682748,0.5960159174092229,26,222.03690476190474,NORM-1030
TXN-SYN-10429,TXN-SYN-11355,NORM-1022,6372.92,1789.1,4583.82,349.5,UPI,0,12,16,12,14,1.0,0.6766826438957587,26,226.41363636363633,MCH-2008
TXN-SYN-10427,TXN-SYN-10153,NORM-1016,1302.29,9627.58,0.0,117.86666666666666,UPI,0,15,21,14,18,0.9035014330999471,0.76905274776138,30,104.32142857142856,NORM-1008
TXN-SYN-11848,TXN-SYN-11968,NORM-1025,11663.39,6548.4,5114.99,442.31666666666666,UPI,0,16,9,15,9,0.5469324490164661,0.5395586410316361,22,330.58000000000004,NORM-1081
TXN-SYN-10560,TXN-SYN-10599,NORM-1005,1634.4,6362.78,0.0,269.46666666666664,UPI,0,14,17,13,17,1.0,0.6878995025672952,28,126.5845238095238,NORM-1096
TXN-SYN-11435,TXN-SYN-11238,MCH-2027,6337.66,139164.08,0.0,304.9,RTGS,0,26,3,24,3,0.300921650687241,0.4783220243467743,27,475.5785714285714,MCH-2009
TXN-SYN-11318,TXN-SYN-11493,MCH-2002,51451.78,90643.45,0.0,663.0333333333333,NEFT,0,20,9,17,5,1.0,0.7362430448304313,21,240.65588235294115,MCH-2009
TXN-SYN-10650,TXN-SYN-11195,NORM-1097,2022.47,32465.7,0.0,52.81666666666667,NEFT,0,9,17,9,17,1.0,0.5736629852539193,25,210.94814814814814,MCH-2022
TXN-SYN-10336,TXN-SYN-10272,NORM-1090,17014.64,5249.46,11765.18,266.06666666666666,UPI,0,11,27,9,22,1.0,0.8457600712219008,31,79.46363636363637,NORM-1085
TXN-SYN-10954,TXN-SYN-11134,MCH-2005,30096.95,223270.45,0.0,43.416666666666664,RTGS,0,30,11,26,4,0.5749206075508325,0.8868753267198232,29,196.39259259259256,MCH-2012
TXN-SYN-11802,TXN-SYN-10538,NORM-1076,2828.98,13271.57,0.0,209.71666666666667,UPI,0,7,16,7,14,1.0,0.5101129271733706,21,153.70833333333334,NORM-1096
TXN-SYN-10169,TXN-SYN-11735,NORM-1087,15437.15,5795.07,9642.08,92.41666666666667,UPI,0,12,18,12,17,1.0,0.6455662153680625,29,188.75694444444446,NORM-1049
TXN-SYN-11107,TXN-SYN-11382,MCH-2003,34572.19,85290.16,0.0,6.1,RTGS,0,27,18,22,12,1.0,0.9491223547608446,33,172.86014492753625,MCH-2016
TXN-SYN-11317,TXN-SYN-11382,MCH-2003,8921.41,85290.16,0.0,3.283333333333333,RTGS,0,27,18,22,12,1.0,0.9491223547608446,33,172.86014492753625,MCH-2016
TXN-SYN-11171,TXN-SYN-11261,MCH-2023,2943.09,113527.45,0.0,1327.35,RTGS,0,35,8,31,6,0.6193581742780404,0.9352457134571466,36,554.3409523809524,MCH-2014
TXN-SYN-11382,TXN-SYN-11047,MCH-2016,85290.16,232365.16,0.0,1090.2666666666667,RTGS,0,28,4,26,4,0.6234034653990607,0.6765129048360102,29,400.08750000000003,MCH-2014
TXN-SYN-11351,TXN-SYN-11178,MCH-2015,25249.0,119007.37,0.0,184.23333333333332,RTGS,0,25,13,23,10,1.0,0.8303893360527371,32,116.27500000000002,MCH-2008
TXN-SYN-10755,TXN-SYN-11519,MCH-2007,7581.81,91453.08,0.0,149.23333333333332,NEFT,0,21,14,21,8,1.0,0.6929168499780026,28,283.69629629629634,MCH-2014
TXN-SYN-11033,TXN-SYN-10972,MCH-2031,32759.08,51296.1,0.0,1.95,RTGS,0,25,7,22,7,0.6879843239693775,0.6797984208849182,25,399.8557971014493,MCH-2018
TXN-SYN-10225,TXN-SYN-11879,NORM-1077,4939.91,5697.68,0.0,18.116666666666667,UPI,0,10,29,10,26,1.0,0.8427421533142455,33,72.28166666666667,NORM-1103
TXN-SYN-11349,TXN-SYN-11074,MCH-2011,24911.91,219202.6,0.0,520.0666666666667,RTGS,0,29,7,23,6,0.8184959097255264,0.802213515069358,28,293.1798850574713,MCH-2012
TXN-SYN-10972,TXN-SYN-11368,MCH-2018,51296.1,79007.44,0.0,442.28333333333336,RTGS,0,22,7,19,5,0.8577441564033355,0.6701974000962927,23,479.6236842105262,MCH-2031
TXN-SYN-11249,TXN-SYN-11073,MCH-2010,58486.52,154962.03,0.0,1156.8666666666666,RTGS,0,31,9,26,9,0.5815589894687686,0.8669371831766024,33,661.4083333333333,MCH-2006
TXN-SYN-11262,TXN-SYN-11368,MCH-2018,17735.29,79007.44,0.0,442.2,RTGS,0,22,7,19,5,0.8577441564033355,0.6701974000962927,23,479.6236842105262,MCH-2031
TXN-SYN-11825,TXN-SYN-11118,NORM-1038,3598.07,2925.11,672.96,79.21666666666667,NEFT,0,4,11,4,11,1.0,0.35204151482159973,15,119.72777777777777,MCH-2031
TXN-SYN-10338,TXN-SYN-11735,NORM-1087,17786.47,5795.07,11991.400000000001,68.08333333333333,UPI,0,12,18,12,17,1.0,0.6455662153680625,29,188.75694444444446,NORM-1049
TXN-SYN-10587,TXN-SYN-10177,NORM-1067,16643.18,1929.99,14713.19,119.48333333333333,UPI,0,12,19,11,17,1.0,0.7465881723307465,26,120.43333333333332,NORM-1006
TXN-SYN-11879,TXN-SYN-11290,NORM-1103,5697.68,26940.52,0.0,174.15,NEFT,0,12,11,12,11,0.9101937353061555,0.49397741306176507,23,138.8651515151515,MCH-2020
TXN-SYN-10869,TXN-SYN-11326,MCH-2006,25519.08,53552.37,0.0,31.583333333333332,RTGS,0,21,16,17,11,1.0,0.8198386173532507,27,121.12416666666665,MCH-2014
TXN-SYN-11851,TXN-SYN-10229,NORM-1001,4702.24,17611.51,0.0,20.083333333333332,UPI,0,12,23,12,22,1.0,0.7832703401631191,32,97.02499999999999,NORM-1083
TXN-SYN-10416,TXN-SYN-11816,NORM-1007,6239.59,6267.73,0.0,28.666666666666668,UPI,0,9,20,8,20,0.8968319384104775,0.6135510146511751,25,210.9888888888889,NORM-1086
TXN-SYN-10475,TXN-SYN-10588,NORM-1006,4939.44,14816.69,0.0,62.31666666666667,UPI,0,15,19,15,18,0.897668609769335,0.7273461965855137,31,154.69285714285712,NORM-1099
TXN-SYN-11475,TXN-SYN-11178,MCH-2015,13233.73,119007.37,0.0,153.93333333333334,RTGS,0,25,13,23,10,1.0,0.8303893360527371,32,116.27500000000002,MCH-2008
TXN-SYN-11277,TXN-SYN-11368,MCH-2018,13549.56,79007.44,0.0,416.7,RTGS,0,22,7,19,5,0.8577441564033355,0.6701974000962927,23,479.6236842105262,MCH-2031
TXN-SYN-10782,TXN-SYN-11073,MCH-2010,5442.07,154962.03,0.0,1131.1166666666666,RTGS,0,31,9,26,9,0.5815589894687686,0.8669371831766024,33,661.4083333333333,MCH-2006
TXN-SYN-11134,TXN-SYN-11411,MCH-2012,223270.45,237231.58,0.0,635.45,RTGS,0,31,9,21,8,0.8166960909487291,0.8869889803938478,28,297.4005555555556,MCH-2005
TXN-SYN-11195,TXN-SYN-11077,MCH-2022,32465.7,223317.87,0.0,612.6666666666666,RTGS,0,14,8,12,7,1.0,0.5007587253414264,17,233.9969696969697,MCH-2018
TXN-SYN-10229,TXN-SYN-10980,NORM-1083,17611.51,14331.58,3279.9299999999985,198.3,NEFT,0,13,14,13,12,1.0,0.572583162991806,25,144.47083333333333,MCH-2017
TXN-SYN-11638,TXN-SYN-11639,STR-4003,177172.05,46396.81,130775.23999999999,36.8,IMPS,1,1,5,1,5,1.0,4.7482963288634865,6,36.8,MULE-3022
TXN-SYN-11075,TXN-SYN-11238,MCH-2027,12967.37,139164.08,0.0,243.41666666666666,RTGS,0,26,3,24,3,0.300921650687241,0.4783220243467743,27,475.5785714285714,MCH-2009
TXN-SYN-10370,TXN-SYN-10538,NORM-1076,15545.0,13271.57,2273.4300000000003,150.1,UPI,0,7,16,7,14,1.0,0.5101129271733706,21,153.70833333333334,NORM-1096
TXN-SYN-10283,TXN-SYN-11290,NORM-1103,3799.39,26940.52,0.0,146.76666666666668,NEFT,0,12,11,12,11,0.9101937353061555,0.49397741306176507,23,138.8651515151515,MCH-2020
TXN-SYN-11164,TXN-SYN-11234,MCH-2021,136455.13,195116.36,0.0,393.18333333333334,RTGS,0,26,6,22,6,0.6936701868421437,0.6126225776945822,28,296.9126666666667,MCH-2029
TXN-SYN-11816,TXN-SYN-10195,NORM-1086,6267.73,9546.16,0.0,217.71666666666667,UPI,0,13,18,11,18,1.0,0.6788981896048277,26,144.0111111111111,NORM-1020
TXN-SYN-11326,TXN-SYN-10728,MCH-2014,53552.37,150622.07,0.0,433.15,RTGS,0,27,11,20,9,0.8008858467941137,0.8991481754127669,27,418.02160493827165,MCH-2011
TXN-SYN-10940,TXN-SYN-10738,MCH-2020,27342.94,191457.38,0.0,257.3333333333333,RTGS,0,27,3,26,2,0.85700691569958,0.7083035474202667,28,262.7933333333333,MCH-2005
TXN-SYN-11514,TXN-SYN-11117,MCH-2013,76771.2,74327.68,2443.520000000004,15.066666666666666,RTGS,0,26,8,21,7,0.7886574067900582,0.8154129027100487,28,320.3467948717949,MCH-2034
TXN-SYN-11470,TXN-SYN-11367,MCH-2034,189270.77,164609.18,24661.589999999997,178.11666666666667,RTGS,0,23,9,22,9,1.0,0.7372752814381989,28,228.65606060606058,MCH-2030
TXN-SYN-11240,TXN-SYN-10977,MCH-2030,167510.54,115156.09,52354.45000000001,286.2,RTGS,0,20,4,20,4,0.4328675652225954,0.6275330108510917,23,272.29912280701757,MCH-2006
TXN-SYN-11592,TXN-SYN-11593,MULE-3008,48808.29,47116.03,1692.260000000002,4.55,IMPS,1,6,1,5,1,0.1672296650386547,0.3010644779756998,6,159.98333333333332,MULE-3009
TXN-SYN-10203,TXN-SYN-11420,NORM-1093,692.21,10957.46,0.0,176.56666666666666,NEFT,0,12,15,11,13,1.0,0.6060795011691348,23,96.1111111111111,MCH-2020
TXN-SYN-10536,TXN-SYN-10640,NORM-1074,3299.79,13939.1,0.0,1457.9333333333334,UPI,0,6,11,6,10,1.0,0.40467090733565203,15,700.4472222222222,NORM-1076
TXN-SYN-10890,TXN-SYN-11234,MCH-2021,15777.38,195116.36,0.0,378.1,RTGS,0,26,6,22,6,0.6936701868421437,0.6126225776945822,28,296.9126666666667,MCH-2029
TXN-SYN-11593,TXN-SYN-11594,MULE-3009,47116.03,45604.76,1511.2699999999968,2.4,IMPS,1,2,1,2,1,0.48625627082500333,0.33177684934873436,3,2.4,MULE-3010
TXN-SYN-11594,TXN-SYN-11595,MULE-3010,45604.76,44631.45,973.310000000005,2.8,IMPS,1,5,1,5,1,0.19159776440190557,0.310309159866682,6,2.8,MULE-3011
TXN-SYN-11433,TXN-SYN-11209,MCH-2019,10817.8,141990.55,0.0,261.1,RTGS,0,20,5,19,4,0.6934683588975965,0.6205912165656482,22,225.66944444444448,MCH-2002
TXN-SYN-11117,TXN-SYN-11367,MCH-2034,74327.68,164609.18,0.0,164.91666666666666,RTGS,0,23,9,22,9,1.0,0.7372752814381989,28,228.65606060606058,MCH-2030
TXN-SYN-11405,TXN-SYN-10728,MCH-2014,28151.7,150622.07,0.0,413.6666666666667,RTGS,0,27,11,20,9,0.8008858467941137,0.8991481754127669,27,418.02160493827165,MCH-2011
TXN-SYN-10055,TXN-SYN-10615,NORM-1079,10902.8,7339.03,3563.7699999999995,362.28333333333336,UPI,0,12,22,12,20,1.0,0.7325218140687279,30,175.80454545454543,NORM-1082
TXN-SYN-11246,TXN-SYN-11508,MCH-2005,30184.55,43800.42,0.0,235.35,NEFT,0,30,11,26,4,0.5749206075508325,0.8868753267198232,29,196.39259259259256,MCH-2012
TXN-SYN-11696,TXN-SYN-11697,STR-4014,263225.49,47173.92,216051.57,27.416666666666668,IMPS,1,1,6,1,5,0.9943199269949122,5.537244561634806,6,27.416666666666668,MULE-3030
TXN-SYN-10443,TXN-SYN-11968,NORM-1025,16392.61,6548.4,9844.210000000001,342.8333333333333,UPI,0,16,9,15,9,0.5469324490164661,0.5395586410316361,22,330.58000000000004,NORM-1081
TXN-SYN-11115,TXN-SYN-11047,MCH-2016,18505.49,232365.16,0.0,1010.9166666666666,RTGS,0,28,4,26,4,0.6234034653990607,0.6765129048360102,29,400.08750000000003,MCH-2014
TXN-SYN-10971,TXN-SYN-11411,MCH-2012,25122.84,237231.58,0.0,587.4666666666667,RTGS,0,31,9,21,8,0.8166960909487291,0.8869889803938478,28,297.4005555555556,MCH-2005
TXN-SYN-11735,TXN-SYN-11311,NORM-1049,5795.07,30788.23,0.0,1610.6833333333334,NEFT,0,3,5,3,5,1.0,0.15092124845410526,8,1146.1055555555556,MCH-2024
TXN-SYN-11057,TXN-SYN-11047,MCH-2016,12174.58,232365.16,0.0,1007.8166666666667,RTGS,0,28,4,26,4,0.6234034653990607,0.6765129048360102,29,400.08750000000003,MCH-2014
TXN-SYN-10049,TXN-SYN-10902,NORM-1065,3234.29,18243.7,0.0,22.05,NEFT,0,2,10,2,10,1.0,0.3933996284559064,12,95.80833333333334,MCH-2016
TXN-SYN-10285,TXN-SYN-10980,NORM-1083,12134.03,14331.58,0.0,158.03333333333333,NEFT,0,13,14,13,12,1.0,0.572583162991806,25,144.47083333333333,MCH-2017
TXN-SYN-10857,TXN-SYN-10738,MCH-2020,8023.33,191457.38,0.0,225.23333333333332,RTGS,0,27,3,26,2,0.85700691569958,0.7083035474202667,28,262.7933333333333,MCH-2005
TXN-SYN-10588,TXN-SYN-11950,NORM-1099,14816.69,7209.23,7607.460000000001,503.4166666666667,UPI,0,11,14,10,13,1.0,0.5656926277679655,22,208.42727272727276,NORM-1105
TXN-SYN-11640,TXN-SYN-11590,MULE-3005,47291.65,73422.51,0.0,407.56666666666666,IMPS,1,5,1,5,1,0.28915732542949735,0.6090168325485662,6,206.175,MULE-3006
TXN-SYN-11118,TXN-SYN-10920,MCH-2031,2925.11,144121.63,0.0,1495.9333333333334,RTGS,0,25,7,22,7,0.6879843239693775,0.6797984208849182,25,399.8557971014493,MCH-2029
TXN-SYN-10863,TXN-SYN-11493,MCH-2002,2820.68,90643.45,0.0,556.7,NEFT,0,20,9,17,5,1.0,0.7362430448304313,21,240.65588235294115,MCH-2009
TXN-SYN-10153,TXN-SYN-11758,NORM-1008,9627.58,7264.36,2363.2200000000003,11.216666666666667,UPI,0,11,16,11,14,1.0,0.6092859694980913,25,510.5969696969696,NORM-1098
TXN-SYN-10816,TXN-SYN-10977,MCH-2030,5488.79,115156.09,0.0,252.21666666666667,RTGS,0,20,4,20,4,0.4328675652225954,0.6275330108510917,23,272.29912280701757,MCH-2006
TXN-SYN-11298,TXN-SYN-11492,MCH-2001,13621.08,66553.95,0.0,36.75,NEFT,0,18,10,18,7,1.0,0.43642598293262674,25,211.29509803921567,MCH-2008
TXN-SYN-10013,TXN-SYN-11861,NORM-1041,2067.1,5663.03,0.0,1.0333333333333334,UPI,0,3,11,3,11,1.0,0.41413651714475885,14,18.775,NORM-1006
TXN-SYN-11861,TXN-SYN-10213,NORM-1006,5663.03,3412.97,2250.06,358.46666666666664,UPI,0,15,19,15,18,0.897668609769335,0.7273461965855137,31,154.69285714285712,NORM-1003
TXN-SYN-10902,TXN-SYN-11047,MCH-2016,18243.7,232365.16,0.0,983.1166666666667,RTGS,0,28,4,26,4,0.6234034653990607,0.6765129048360102,29,400.08750000000003,MCH-2014
TXN-SYN-11758,TXN-SYN-10703,NORM-1098,7264.36,20122.62,0.0,52.45,NEFT,0,17,19,16,18,1.0,0.7825708902951548,29,80.35588235294118,MCH-2012
TXN-SYN-10234,TXN-SYN-11336,NORM-1030,7061.59,27947.09,0.0,6.183333333333334,NEFT,0,10,14,9,14,1.0,0.5709829630314965,23,99.05740740740741,MCH-2012
TXN-SYN-11028,TXN-SYN-11508,MCH-2005,6357.19,43800.42,0.0,200.85,NEFT,0,30,11,26,4,0.5749206075508325,0.8868753267198232,29,196.39259259259256,MCH-2012
TXN-SYN-10669,TXN-SYN-10158,NORM-1010,13558.47,2755.0,10803.47,583.5,UPI,0,18,17,16,16,0.4961328133372379,0.7617942067364373,27,194.57592592592593,NORM-1106
TXN-SYN-10573,TXN-SYN-10510,NORM-1002,2185.27,2248.84,0.0,6.85,UPI,0,14,16,14,15,0.975663309338928,0.702297422958623,26,109.75119047619049,NORM-1100
TXN-SYN-11336,TXN-SYN-11411,MCH-2012,27947.09,237231.58,0.0,553.3833333333333,RTGS,0,31,9,21,8,0.8166960909487291,0.8869889803938478,28,297.4005555555556,MCH-2005
TXN-SYN-11642,TXN-SYN-11609,MULE-3024,38369.16,89106.97,0.0,270.45,IMPS,1,5,1,5,1,0.33954586339930465,0.26911528350547576,6,259.2888888888889,MULE-3025
TXN-SYN-10197,TXN-SYN-10510,NORM-1002,9730.81,2248.84,7481.969999999999,1.55,UPI,0,14,16,14,15,0.975663309338928,0.702297422958623,26,109.75119047619049,NORM-1100
TXN-SYN-11344,TXN-SYN-11074,MCH-2011,7387.97,219202.6,0.0,406.0,RTGS,0,29,7,23,6,0.8184959097255264,0.802213515069358,28,293.1798850574713,MCH-2012
TXN-SYN-10510,TXN-SYN-11833,NORM-1100,2248.84,11280.96,0.0,73.0,UPI,0,11,11,11,11,1.0,0.4946506529763355,20,209.14629629629633,NORM-1055
TXN-SYN-10794,TXN-SYN-11021,MCH-2008,63716.05,116759.76,0.0,1238.65,RTGS,0,39,3,34,3,0.2427401117423724,0.9007989228541982,37,628.5277777777779,MCH-2028
TXN-SYN-10488,TXN-SYN-10195,NORM-1086,3447.48,9546.16,0.0,154.56666666666666,UPI,0,13,18,11,18,1.0,0.6788981896048277,26,144.0111111111111,NORM-1020
TXN-SYN-11643,TXN-SYN-11614,MULE-3029,10000.0,73357.15,0.0,519.15,IMPS,1,5,1,5,1,0.33770331463893016,0.26124186642800123,6,500.15416666666664,MULE-3030
TXN-SYN-10473,TXN-SYN-11807,NORM-1084,15950.92,6123.09,9827.83,83.28333333333333,UPI,0,8,20,8,18,1.0,0.6254343293954134,25,124.0,NORM-1106
TXN-SYN-11101,TXN-SYN-11077,MCH-2022,57166.46,223317.87,0.0,527.1666666666666,RTGS,0,14,8,12,7,1.0,0.5007587253414264,17,233.9969696969697,MCH-2018
TXN-SYN-11943,TXN-SYN-10535,NORM-1108,10426.05,13572.04,0.0,212.43333333333334,UPI,0,6,9,6,9,1.0,0.47860035983656685,15,174.29999999999998,NORM-1073
TXN-SYN-10230,TXN-SYN-10146,NORM-1070,9806.2,1886.36,7919.840000000001,168.7,UPI,0,12,26,11,25,1.0,0.8800144095926716,34,102.13787878787879,NORM-1024
TXN-SYN-10109,TXN-SYN-10897,NORM-1107,6585.12,33407.5,0.0,434.35,NEFT,0,6,17,6,15,1.0,0.49908380750313436,20,163.10277777777776,MCH-2028
TXN-SYN-11371,TXN-SYN-11508,MCH-2005,16944.63,43800.42,0.0,178.88333333333333,NEFT,0,30,11,26,4,0.5749206075508325,0.8868753267198232,29,196.39259259259256,MCH-2012
TXN-SYN-11827,TXN-SYN-11968,NORM-1025,1661.04,6548.4,0.0,288.4166666666667,UPI,0,16,9,15,9,0.5469324490164661,0.5395586410316361,22,330.58000000000004,NORM-1081
TXN-SYN-10177,TXN-SYN-10213,NORM-1006,1929.99,3412.97,0.0,327.55,UPI,0,15,19,15,18,0.897668609769335,0.7273461965855137,31,154.69285714285712,NORM-1003
TXN-SYN-11700,TXN-SYN-11599,MULE-3014,48550.42,54923.62,0.0,458.15,IMPS,1,5,1,5,1,0.22962551725570943,0.48392517083006614,6,250.16666666666663,MULE-3015
TXN-SYN-11492,TXN-SYN-11021,MCH-2008,66553.95,116759.76,0.0,1220.5666666666666,RTGS,0,39,3,34,3,0.2427401117423724,0.9007989228541982,37,628.5277777777779,MCH-2028
TXN-SYN-10208,TXN-SYN-11290,NORM-1103,16967.74,26940.52,0.0,52.88333333333333,NEFT,0,12,11,12,11,0.9101937353061555,0.49397741306176507,23,138.8651515151515,MCH-2020
TXN-SYN-11519,TXN-SYN-10728,MCH-2014,91453.08,150622.07,0.0,338.05,RTGS,0,27,11,20,9,0.8008858467941137,0.8991481754127669,27,418.02160493827165,MCH-2011
TXN-SYN-11321,TXN-SYN-10916,MCH-2024,13839.98,181262.61,0.0,26.783333333333335,RTGS,0,18,11,17,9,1.0,0.590658097220965,25,146.028125,MCH-2023
TXN-SYN-10880,TXN-SYN-11234,MCH-2021,29686.28,195116.36,0.0,290.68333333333334,RTGS,0,26,6,22,6,0.6936701868421437,0.6126225776945822,28,296.9126666666667,MCH-2029
TXN-SYN-10842,TXN-SYN-11066,MCH-2035,32388.91,107334.23,0.0,85.23333333333333,RTGS,0,18,3,18,3,0.4612827004261736,0.5198841951078622,20,126.80666666666666,MCH-2016
TXN-SYN-11045,TXN-SYN-10829,MCH-2009,27768.31,64420.68,0.0,567.1666666666666,RTGS,0,27,11,20,10,0.6228123125366313,0.8066227977074931,28,210.48333333333332,MCH-2020
TXN-SYN-10703,TXN-SYN-11411,MCH-2012,20122.62,237231.58,0.0,507.1333333333333,RTGS,0,31,9,21,8,0.8166960909487291,0.8869889803938478,28,297.4005555555556,MCH-2005
TXN-SYN-11155,TXN-SYN-11367,MCH-2034,33195.32,164609.18,0.0,75.91666666666667,RTGS,0,23,9,22,9,1.0,0.7372752814381989,28,228.65606060606058,MCH-2030
TXN-SYN-11907,TXN-SYN-10342,NORM-1073,5776.17,3484.3,2291.87,7.266666666666667,UPI,0,14,20,14,19,1.0,0.7206443408223824,30,128.97976190476194,NORM-1010
TXN-SYN-11376,TXN-SYN-11411,MCH-2012,24312.87,237231.58,0.0,501.31666666666666,RTGS,0,31,9,21,8,0.8166960909487291,0.8869889803938478,28,297.4005555555556,MCH-2005
TXN-SYN-11942,TXN-SYN-11807,NORM-1084,9225.91,6123.09,3102.8199999999997,41.63333333333333,UPI,0,8,20,8,18,1.0,0.6254343293954134,25,124.0,NORM-1106
TXN-SYN-11406,TXN-SYN-10778,MCH-2013,30982.2,207825.44,0.0,236.41666666666666,RTGS,0,26,8,21,7,0.7886574067900582,0.8154129027100487,28,320.3467948717949,MCH-2027
TXN-SYN-10342,TXN-SYN-10158,NORM-1010,3484.3,2755.0,729.3000000000002,523.2333333333333,UPI,0,18,17,16,16,0.4961328133372379,0.7617942067364373,27,194.57592592592593,NORM-1106
TXN-SYN-11158,TXN-SYN-11367,MCH-2034,33675.73,164609.18,0.0,68.51666666666667,RTGS,0,23,9,22,9,1.0,0.7372752814381989,28,228.65606060606058,MCH-2030
TXN-SYN-10712,TXN-SYN-11074,MCH-2011,2969.21,219202.6,0.0,352.2,RTGS,0,29,7,23,6,0.8184959097255264,0.802213515069358,28,293.1798850574713,MCH-2012
TXN-SYN-10099,TXN-SYN-11658,NORM-1092,11622.68,255439.48,0.0,334.46666666666664,NEFT,0,14,16,14,16,1.0,0.6852922327201659,27,210.33809523809526,STR-4007
TXN-SYN-11316,TXN-SYN-10892,MCH-2026,32451.35,96828.8,0.0,249.68333333333334,RTGS,0,19,6,19,6,0.7349821465112782,0.5605485902202956,24,297.7166666666667,MCH-2030
TXN-SYN-11934,TXN-SYN-11259,NORM-1053,7561.19,18644.18,0.0,269.6666666666667,NEFT,0,6,10,6,10,1.0,0.38134330828561025,15,425.9194444444444,MCH-2011
TXN-SYN-10651,TXN-SYN-10238,NORM-1002,6239.25,5836.19,403.0600000000004,101.8,UPI,0,14,16,14,15,0.975663309338928,0.702297422958623,26,109.75119047619049,NORM-1082
TXN-SYN-10916,TXN-SYN-11261,MCH-2023,181262.61,113527.45,67735.15999999999,1147.45,RTGS,0,35,8,31,6,0.6193581742780404,0.9352457134571466,36,554.3409523809524,MCH-2014
TXN-SYN-10957,TXN-SYN-11261,MCH-2023,80919.76,113527.45,0.0,1145.25,RTGS,0,35,8,31,6,0.6193581742780404,0.9352457134571466,36,554.3409523809524,MCH-2014
TXN-SYN-10480,TXN-SYN-10640,NORM-1074,753.78,13939.1,0.0,1341.9833333333333,UPI,0,6,11,6,10,1.0,0.40467090733565203,15,700.4472222222222,NORM-1076
TXN-SYN-11320,TXN-SYN-10738,MCH-2020,6213.71,191457.38,0.0,131.48333333333332,RTGS,0,27,3,26,2,0.85700691569958,0.7083035474202667,28,262.7933333333333,MCH-2005
TXN-SYN-10881,TXN-SYN-10728,MCH-2014,8627.14,150622.07,0.0,305.53333333333336,RTGS,0,27,11,20,9,0.8008858467941137,0.8991481754127669,27,418.02160493827165,MCH-2011
TXN-SYN-10720,TXN-SYN-11493,MCH-2002,22873.36,90643.45,0.0,466.31666666666666,NEFT,0,20,9,17,5,1.0,0.7362430448304313,21,240.65588235294115,MCH-2009
TXN-SYN-11178,TXN-SYN-11021,MCH-2008,119007.37,116759.76,2247.6100000000006,1172.1,RTGS,0,39,3,34,3,0.2427401117423724,0.9007989228541982,37,628.5277777777779,MCH-2028
TXN-SYN-10603,TXN-SYN-10980,NORM-1083,5587.73,14331.58,0.0,55.86666666666667,NEFT,0,13,14,13,12,1.0,0.572583162991806,25,144.47083333333333,MCH-2017
TXN-SYN-11833,TXN-SYN-11867,NORM-1055,11280.96,6369.06,4911.899999999999,61.78333333333333,UPI,0,4,11,4,11,1.0,0.36683785766691124,15,179.69444444444446,NORM-1083
TXN-SYN-10617,TXN-SYN-10774,NORM-1028,9103.17,34074.92,0.0,82.61666666666666,NEFT,0,8,15,8,15,1.0,0.5601331330925031,23,94.91874999999999,MCH-2025
TXN-SYN-11290,TXN-SYN-10738,MCH-2020,26940.52,191457.38,0.0,116.83333333333333,RTGS,0,27,3,26,2,0.85700691569958,0.7083035474202667,28,262.7933333333333,MCH-2005
TXN-SYN-11929,TXN-SYN-10020,NORM-1036,10541.12,5714.32,4826.800000000001,1289.0333333333333,UPI,0,6,5,6,5,0.24972184701876418,0.2738343025869044,11,514.7194444444444,NORM-1045
TXN-SYN-10001,TXN-SYN-11103,NORM-1031,9962.47,20605.76,0.0,18.783333333333335,NEFT,0,5,9,5,9,1.0,0.343551256620519,14,594.5733333333333,MCH-2022
TXN-SYN-10538,TXN-SYN-10112,NORM-1096,13271.57,3843.57,9428.0,109.35,UPI,0,15,13,13,13,1.0,0.6187845303867403,24,164.67261904761904,NORM-1082
TXN-SYN-11000,TXN-SYN-11265,MCH-2033,15405.66,191539.46,0.0,490.31666666666666,RTGS,0,21,7,17,6,0.9203997543136714,0.6931407942238267,22,377.7255555555556,MCH-2031
TXN-SYN-10579,TXN-SYN-11911,NORM-1001,12577.94,4382.19,8195.75,151.45,UPI,0,12,23,12,22,1.0,0.7832703401631191,32,97.02499999999999,NORM-1090
TXN-SYN-11807,TXN-SYN-10033,NORM-1106,6123.09,2988.37,3134.7200000000003,80.55,UPI,0,11,15,10,15,1.0,0.6706888892073547,25,101.08484848484846,NORM-1055
TXN-SYN-10653,TXN-SYN-10766,NORM-1016,5076.04,6360.72,0.0,211.1,NEFT,0,15,21,14,18,0.9035014330999471,0.76905274776138,30,104.32142857142856,MCH-2002
TXN-SYN-10939,TXN-SYN-11493,MCH-2002,17784.97,90643.45,0.0,439.26666666666665,NEFT,0,20,9,17,5,1.0,0.7362430448304313,21,240.65588235294115,MCH-2009
TXN-SYN-11806,TXN-SYN-11423,NORM-1039,6358.46,1507.22,4851.24,44.1,UPI,0,7,6,6,6,1.0,0.34323935811306366,12,44.1,MCH-2030
TXN-SYN-10423,TXN-SYN-11328,NORM-1104,7221.5,13050.24,0.0,33.63333333333333,NEFT,0,7,14,7,13,1.0,0.44910179640718567,17,70.66666666666666,MCH-2021
TXN-SYN-11752,TXN-SYN-11259,NORM-1053,1708.82,18644.18,0.0,230.3,NEFT,0,6,10,6,10,1.0,0.38134330828561025,15,425.9194444444444,MCH-2011
TXN-SYN-11103,TXN-SYN-11077,MCH-2022,20605.76,223317.87,0.0,436.15,RTGS,0,14,8,12,7,1.0,0.5007587253414264,17,233.9969696969697,MCH-2018
TXN-SYN-11264,TXN-SYN-11074,MCH-2011,29728.21,219202.6,0.0,303.55,RTGS,0,29,7,23,6,0.8184959097255264,0.802213515069358,28,293.1798850574713,MCH-2012
TXN-SYN-11289,TXN-SYN-11260,MCH-2029,31845.56,210409.78,0.0,224.28333333333333,RTGS,0,26,4,25,4,0.4768410431001316,0.6276223573030835,28,525.5410256410257,MCH-2007
TXN-SYN-10228,TXN-SYN-10534,NORM-1014,6703.54,17393.49,0.0,49.166666666666664,UPI,0,14,23,14,23,1.0,0.8021631908269147,36,96.43846153846152,NORM-1005
TXN-SYN-10988,TXN-SYN-10929,MCH-2003,63098.65,177819.58,0.0,456.6333333333333,RTGS,0,27,18,22,12,1.0,0.9491223547608446,33,172.86014492753625,MCH-2031
TXN-SYN-11257,TXN-SYN-11021,MCH-2008,104448.85,116759.76,0.0,1133.15,RTGS,0,39,3,34,3,0.2427401117423724,0.9007989228541982,37,628.5277777777779,MCH-2028
TXN-SYN-10102,TXN-SYN-10270,NORM-1020,4097.24,15457.92,0.0,253.71666666666667,UPI,0,13,18,12,16,1.0,0.6748625783862561,28,114.84102564102562,NORM-1071
TXN-SYN-10379,TXN-SYN-10708,NORM-1071,3526.98,631.98,2895.0,219.33333333333334,UPI,0,13,20,13,18,1.0,0.7230235530399854,30,223.20256410256408,MCH-2023
TXN-SYN-10477,TXN-SYN-11950,NORM-1099,14663.04,7209.23,7453.810000000001,362.51666666666665,UPI,0,11,14,10,13,1.0,0.5656926277679655,22,208.42727272727276,NORM-1105
TXN-SYN-10629,TXN-SYN-10171,NORM-1011,16400.15,3750.88,12649.27,367.03333333333336,UPI,0,14,16,14,15,0.6038315617227421,0.6408126453695353,29,110.81153846153846,NORM-1001
TXN-SYN-11079,TXN-SYN-11209,MCH-2019,19863.67,141990.55,0.0,97.88333333333334,RTGS,0,20,5,19,4,0.6934683588975965,0.6205912165656482,22,225.66944444444448,MCH-2002
TXN-SYN-11256,TXN-SYN-11021,MCH-2008,10223.36,116759.76,0.0,1120.5166666666667,RTGS,0,39,3,34,3,0.2427401117423724,0.9007989228541982,37,628.5277777777779,MCH-2028
TXN-SYN-11066,TXN-SYN-11047,MCH-2016,107334.23,232365.16,0.0,850.4833333333333,RTGS,0,28,4,26,4,0.6234034653990607,0.6765129048360102,29,400.08750000000003,MCH-2014
TXN-SYN-11367,TXN-SYN-10977,MCH-2030,164609.18,115156.09,49453.09,109.41666666666667,RTGS,0,20,4,20,4,0.4328675652225954,0.6275330108510917,23,272.29912280701757,MCH-2006
TXN-SYN-11420,TXN-SYN-10738,MCH-2020,10957.46,191457.38,0.0,72.11666666666666,RTGS,0,27,3,26,2,0.85700691569958,0.7083035474202667,28,262.7933333333333,MCH-2005
TXN-SYN-10980,TXN-SYN-11487,MCH-2017,14331.58,166047.33,0.0,597.2166666666667,RTGS,0,16,10,15,7,1.0,0.618425921031767,22,182.76444444444445,MCH-2005
TXN-SYN-11502,TXN-SYN-11074,MCH-2011,40495.74,219202.6,0.0,279.73333333333335,RTGS,0,29,7,23,6,0.8184959097255264,0.802213515069358,28,293.1798850574713,MCH-2012
TXN-SYN-11301,TXN-SYN-11091,MCH-2024,2122.54,137988.83,0.0,352.98333333333335,RTGS,0,18,11,17,9,1.0,0.590658097220965,25,146.028125,MCH-2031
TXN-SYN-11434,TXN-SYN-11411,MCH-2012,6066.03,237231.58,0.0,419.8,RTGS,0,31,9,21,8,0.8166960909487291,0.8869889803938478,28,297.4005555555556,MCH-2005
TXN-SYN-11328,TXN-SYN-11234,MCH-2021,13050.24,195116.36,0.0,196.45,RTGS,0,26,6,22,6,0.6936701868421437,0.6126225776945822,28,296.9126666666667,MCH-2029
TXN-SYN-11904,TXN-SYN-11311,NORM-1049,4320.92,30788.23,0.0,1444.2666666666667,NEFT,0,3,5,3,5,1.0,0.15092124845410526,8,1146.1055555555556,MCH-2024
TXN-SYN-10494,TXN-SYN-10288,NORM-1077,2733.66,10458.09,0.0,108.43333333333334,UPI,0,10,29,10,26,1.0,0.8427421533142455,33,72.28166666666667,NORM-1099
TXN-SYN-11347,TXN-SYN-11303,MCH-2028,234377.9,115733.66,118644.23999999999,1079.7166666666667,RTGS,0,28,3,26,3,0.18395959630467112,0.6815808277909086,29,636.2574074074074,MCH-2032
TXN-SYN-11867,TXN-SYN-11729,NORM-1083,6369.06,286272.51,0.0,309.2,NEFT,0,13,14,13,12,1.0,0.572583162991806,25,144.47083333333333,STR-4020
TXN-SYN-10272,TXN-SYN-10530,NORM-1085,5249.46,1271.46,3978.0,11.9,UPI,0,16,13,14,12,1.0,0.6583220355014661,24,212.5033333333333,NORM-1023
TXN-SYN-10599,TXN-SYN-10112,NORM-1096,6362.78,3843.57,2519.2099999999996,53.983333333333334,UPI,0,15,13,13,13,1.0,0.6187845303867403,24,164.67261904761904,NORM-1082
TXN-SYN-11815,TXN-SYN-11956,NORM-1066,5917.01,3180.65,2736.36,193.11666666666667,UPI,0,9,12,7,11,1.0,0.4985524832002321,18,197.34259259259258,NORM-1075
TXN-SYN-11247,TXN-SYN-10892,MCH-2026,9468.2,96828.8,0.0,164.93333333333334,RTGS,0,19,6,19,6,0.7349821465112782,0.5605485902202956,24,297.7166666666667,MCH-2030
TXN-SYN-11463,TXN-SYN-11127,MCH-2032,17461.02,113250.34,0.0,61.0,RTGS,0,19,7,19,7,0.656855049932113,0.5553445984431366,25,205.62051282051283,MCH-2021
TXN-SYN-10686,TXN-SYN-10033,NORM-1106,2502.65,2988.37,0.0,30.716666666666665,UPI,0,11,15,10,15,1.0,0.6706888892073547,25,101.08484848484846,NORM-1055
TXN-SYN-11423,TXN-SYN-10977,MCH-2030,1507.22,115156.09,0.0,90.56666666666666,RTGS,0,20,4,20,4,0.4328675652225954,0.6275330108510917,23,272.29912280701757,MCH-2006
TXN-SYN-10530,TXN-SYN-11671,NORM-1023,1271.46,289459.94,0.0,7.933333333333334,NEFT,0,14,19,13,17,1.0,0.7514374086794816,29,80.57083333333334,STR-4009
TXN-SYN-10574,TXN-SYN-10766,NORM-1016,13647.73,6360.72,7287.009999999999,152.83333333333334,NEFT,0,15,21,14,18,0.9035014330999471,0.76905274776138,30,104.32142857142856,MCH-2002
TXN-SYN-10063,TXN-SYN-11160,NORM-1090,2407.07,34135.93,0.0,3.3333333333333335,NEFT,0,11,27,9,22,1.0,0.8457600712219008,31,79.46363636363637,MCH-2012
TXN-SYN-11852,TXN-SYN-11084,NORM-1081,2721.0,11594.35,0.0,65.15,NEFT,0,9,10,6,9,1.0,0.43156480096912797,15,231.69791666666669,MCH-2033
TXN-SYN-10534,TXN-SYN-10166,NORM-1005,17393.49,8427.1,8966.390000000001,130.28333333333333,UPI,0,14,17,13,17,1.0,0.6878995025672952,28,126.5845238095238,NORM-1083
TXN-SYN-11160,TXN-SYN-11411,MCH-2012,34135.93,237231.58,0.0,395.4166666666667,RTGS,0,31,9,21,8,0.8166960909487291,0.8869889803938478,28,297.4005555555556,MCH-2005
TXN-SYN-10195,TXN-SYN-10270,NORM-1020,9546.16,15457.92,0.0,206.88333333333333,UPI,0,13,18,12,16,1.0,0.6748625783862561,28,114.84102564102562,NORM-1071
TXN-SYN-11671,TXN-SYN-11672,STR-4009,289459.94,42173.19,247286.75,30.783333333333335,IMPS,1,1,3,1,3,0.462072437381145,5.093738945879024,4,30.783333333333335,MULE-3014
TXN-SYN-10697,TXN-SYN-11487,MCH-2017,27498.4,166047.33,0.0,565.2,RTGS,0,16,10,15,7,1.0,0.618425921031767,22,182.76444444444445,MCH-2005
TXN-SYN-10774,TXN-SYN-11465,MCH-2025,34074.92,197388.82,0.0,107.05,RTGS,0,26,6,24,6,1.0,0.5005866249511146,30,280.2953703703704,MCH-2033
TXN-SYN-10622,TXN-SYN-11729,NORM-1083,6402.95,286272.51,0.0,285.1,NEFT,0,13,14,13,12,1.0,0.572583162991806,25,144.47083333333333,STR-4020
TXN-SYN-11821,TXN-SYN-10737,NORM-1040,2591.63,32844.3,0.0,617.3166666666667,NEFT,0,3,4,3,4,1.0,0.16711318602615455,7,477.96111111111117,MCH-2007
TXN-SYN-10238,TXN-SYN-10207,NORM-1082,5836.19,13264.54,0.0,101.41666666666667,UPI,0,13,19,9,18,1.0,0.7073082378078357,24,119.71666666666667,NORM-1091
TXN-SYN-10308,TXN-SYN-11952,NORM-1009,1369.32,4181.32,0.0,37.95,UPI,0,14,14,13,14,0.5260067687682748,0.5960159174092229,26,222.03690476190474,NORM-1071
TXN-SYN-11944,TXN-SYN-10840,NORM-1034,7697.25,14872.09,0.0,187.78333333333333,NEFT,0,5,8,5,8,1.0,0.3258780603292204,12,512.99,MCH-2008
TXN-SYN-10376,TXN-SYN-10469,NORM-1097,2511.49,1732.27,779.2199999999998,431.1333333333333,UPI,0,9,17,9,17,1.0,0.5736629852539193,25,210.94814814814814,NORM-1026
TXN-SYN-10033,TXN-SYN-10799,NORM-1055,2988.37,5215.24,0.0,220.8,NEFT,0,4,11,4,11,1.0,0.36683785766691124,15,179.69444444444446,MCH-2004
TXN-SYN-11238,TXN-SYN-10829,MCH-2009,139164.08,64420.68,74743.4,433.8833333333333,RTGS,0,27,11,20,10,0.6228123125366313,0.8066227977074931,28,210.48333333333332,MCH-2020
TXN-SYN-11962,TXN-SYN-11615,NORM-1050,6664.35,293971.36,0.0,207.56666666666666,NEFT,0,2,11,2,10,1.0,0.2845157760350173,12,476.775,G443
TXN-SYN-10146,TXN-SYN-10830,NORM-1024,1886.36,17908.4,0.0,13.483333333333333,NEFT,0,9,13,9,12,1.0,0.4641595020834432,20,148.7296296296296,MCH-2029
TXN-SYN-11874,TXN-SYN-10765,NORM-1030,2007.53,33088.38,0.0,376.5,NEFT,0,10,14,9,14,1.0,0.5709829630314965,23,99.05740740740741,MCH-2018
TXN-SYN-11462,TXN-SYN-11234,MCH-2021,30744.05,195116.36,0.0,140.9,RTGS,0,26,6,22,6,0.6936701868421437,0.6126225776945822,28,296.9126666666667,MCH-2029
TXN-SYN-11672,TXN-SYN-11599,MULE-3014,42173.19,54923.62,0.0,288.9166666666667,IMPS,1,5,1,5,1,0.22962551725570943,0.48392517083006614,6,250.16666666666663,MULE-3015
TXN-SYN-11690,TXN-SYN-11691,STR-4013,276587.75,44444.68,232143.07,20.316666666666666,IMPS,1,1,5,1,5,0.8337388405668725,6.3510732137606585,6,20.316666666666666,D334
TXN-SYN-10848,TXN-SYN-11465,MCH-2025,9240.81,197388.82,0.0,75.58333333333333,RTGS,0,26,6,24,6,1.0,0.5005866249511146,30,280.2953703703704,MCH-2033
TXN-SYN-10112,TXN-SYN-10207,NORM-1082,3843.57,13264.54,0.0,72.58333333333333,UPI,0,13,19,9,18,1.0,0.7073082378078357,24,119.71666666666667,NORM-1091
TXN-SYN-10176,TXN-SYN-10615,NORM-1079,16396.21,7339.03,9057.18,127.78333333333333,UPI,0,12,22,12,20,1.0,0.7325218140687279,30,175.80454545454543,NORM-1082
TXN-SYN-11673,TXN-SYN-11613,MULE-3028,44679.85,76292.27,0.0,326.81666666666666,IMPS,1,2,1,2,1,0.6131846613073344,0.5507675047172217,3,165.41666666666666,MULE-3029
TXN-SYN-10045,TXN-SYN-11775,NORM-1063,3444.6,7696.01,0.0,442.81666666666666,UPI,0,5,8,5,8,1.0,0.38881411694332285,13,226.68333333333334,NORM-1089
TXN-SYN-11508,TXN-SYN-11411,MCH-2012,43800.42,237231.58,0.0,356.05,RTGS,0,31,9,21,8,0.8166960909487291,0.8869889803938478,28,297.4005555555556,MCH-2005
TXN-SYN-10830,TXN-SYN-11260,MCH-2029,17908.4,210409.78,0.0,134.01666666666668,RTGS,0,26,4,25,4,0.4768410431001316,0.6276223573030835,28,525.5410256410257,MCH-2007
TXN-SYN-10312,TXN-SYN-10158,NORM-1010,14324.6,2755.0,11569.6,382.1666666666667,UPI,0,18,17,16,16,0.4961328133372379,0.7617942067364373,27,194.57592592592593,NORM-1106
TXN-SYN-10738,TXN-SYN-10757,MCH-2005,191457.38,245938.42,0.0,257.21666666666664,RTGS,0,30,11,26,4,0.5749206075508325,0.8868753267198232,29,196.39259259259256,MCH-2031
TXN-SYN-10010,TXN-SYN-10818,NORM-1038,4636.57,9515.31,0.0,154.68333333333334,NEFT,0,4,11,4,11,1.0,0.35204151482159973,15,119.72777777777777,MCH-2035
TXN-SYN-10654,TXN-SYN-10301,NORM-1004,11938.36,12955.37,0.0,81.86666666666666,UPI,0,15,21,13,19,0.8860930506436103,0.7538740751081949,32,238.8311111111111,NORM-1106
TXN-SYN-11127,TXN-SYN-11234,MCH-2021,113250.34,195116.36,0.0,126.28333333333333,RTGS,0,26,6,22,6,0.6936701868421437,0.6126225776945822,28,296.9126666666667,MCH-2029
TXN-SYN-11952,TXN-SYN-10708,NORM-1071,4181.32,631.98,3549.3399999999997,129.2,UPI,0,13,20,13,18,1.0,0.7230235530399854,30,223.20256410256408,MCH-2023
TXN-SYN-10260,TXN-SYN-10320,NORM-1091,3491.15,13714.69,0.0,2.5,UPI,0,10,11,10,11,1.0,0.4695360536612633,20,670.9875,NORM-1018
TXN-SYN-10320,TXN-SYN-10623,NORM-1018,13714.69,6322.5,7392.1900000000005,29.05,UPI,0,11,16,10,16,1.0,0.6385830289333299,26,141.43333333333334,NORM-1103
TXN-SYN-10690,TXN-SYN-10171,NORM-1011,17692.07,3750.88,13941.189999999999,278.6166666666667,UPI,0,14,16,14,15,0.6038315617227421,0.6408126453695353,29,110.81153846153846,NORM-1001
TXN-SYN-11315,TXN-SYN-10834,MCH-2032,21525.77,64912.82,0.0,68.1,RTGS,0,19,7,19,7,0.656855049932113,0.5553445984431366,25,205.62051282051283,MCH-2018
TXN-SYN-11480,TXN-SYN-11411,MCH-2012,15896.71,237231.58,0.0,343.05,RTGS,0,31,9,21,8,0.8166960909487291,0.8869889803938478,28,297.4005555555556,MCH-2005
TXN-SYN-11355,TXN-SYN-11021,MCH-2008,1789.1,116759.76,0.0,1029.1666666666667,RTGS,0,39,3,34,3,0.2427401117423724,0.9007989228541982,37,628.5277777777779,MCH-2028
TXN-SYN-10489,TXN-SYN-11766,NORM-1024,5529.07,2787.84,2741.2299999999996,3.05,UPI,0,9,13,9,12,1.0,0.4641595020834432,20,148.7296296296296,NORM-1064
TXN-SYN-10912,TXN-SYN-10977,MCH-2030,23906.26,115156.09,0.0,20.766666666666666,RTGS,0,20,4,20,4,0.4328675652225954,0.6275330108510917,23,272.29912280701757,MCH-2006
TXN-SYN-11766,TXN-SYN-11220,NORM-1064,2787.84,10755.68,0.0,78.85,NEFT,0,5,9,5,9,1.0,0.30966029528321015,14,188.72666666666666,MCH-2034
TXN-SYN-10638,TXN-SYN-11482,NORM-1013,7718.47,22637.28,0.0,123.26666666666667,NEFT,0,12,14,11,13,0.8074267314554087,0.5945650654910879,24,167.3,MCH-2025
TXN-SYN-11209,TXN-SYN-11493,MCH-2002,141990.55,90643.45,51347.09999999999,316.48333333333335,NEFT,0,20,9,17,5,1.0,0.7362430448304313,21,240.65588235294115,MCH-2009
TXN-SYN-11084,TXN-SYN-11265,MCH-2033,11594.35,191539.46,0.0,363.5,RTGS,0,21,7,17,6,0.9203997543136714,0.6931407942238267,22,377.7255555555556,MCH-2031
TXN-SYN-10419,TXN-SYN-10897,NORM-1107,14660.68,33407.5,0.0,229.13333333333333,NEFT,0,6,17,6,15,1.0,0.49908380750313436,20,163.10277777777776,MCH-2028
TXN-SYN-10535,TXN-SYN-10103,NORM-1073,13572.04,16014.58,0.0,34.7,UPI,0,14,20,14,19,1.0,0.7206443408223824,30,128.97976190476194,NORM-1004
TXN-SYN-11269,TXN-SYN-11525,MCH-2007,25734.54,109955.91,0.0,290.8,NEFT,0,21,14,21,8,1.0,0.6929168499780026,28,283.69629629629634,MCH-2014
TXN-SYN-10465,TXN-SYN-11866,NORM-1085,7318.76,9375.95,0.0,672.4,UPI,0,16,13,14,12,1.0,0.6583220355014661,24,212.5033333333333,NORM-1039
TXN-SYN-10875,TXN-SYN-11234,MCH-2021,12223.61,195116.36,0.0,101.4,RTGS,0,26,6,22,6,0.6936701868421437,0.6126225776945822,28,296.9126666666667,MCH-2029
TXN-SYN-10268,TXN-SYN-11872,NORM-1102,5069.99,11474.23,0.0,63.63333333333333,UPI,0,12,15,11,13,1.0,0.5872402126631223,21,112.10555555555557,NORM-1071
TXN-SYN-11744,TXN-SYN-11078,NORM-1047,8918.83,21846.07,0.0,427.6166666666667,NEFT,0,4,10,4,9,1.0,0.3521618826686045,13,206.91666666666669,MCH-2002
TXN-SYN-10977,TXN-SYN-11516,MCH-2006,115156.09,110684.08,4472.009999999995,333.8666666666667,NEFT,0,21,16,17,11,1.0,0.8198386173532507,27,121.12416666666665,MCH-2013
TXN-SYN-10448,TXN-SYN-11950,NORM-1099,8832.25,7209.23,1623.0200000000004,244.13333333333333,UPI,0,11,14,10,13,1.0,0.5656926277679655,22,208.42727272727276,NORM-1105
TXN-SYN-10623,TXN-SYN-10563,NORM-1103,6322.5,3208.97,3113.53,60.56666666666667,UPI,0,12,11,12,11,0.9101937353061555,0.49397741306176507,23,138.8651515151515,NORM-1071
TXN-SYN-11296,TXN-SYN-11091,MCH-2024,181387.78,137988.83,43398.95000000001,246.95,RTGS,0,18,11,17,9,1.0,0.590658097220965,25,146.028125,MCH-2031
TXN-SYN-10532,TXN-SYN-11871,NORM-1096,2212.43,3033.2,0.0,176.08333333333334,UPI,0,15,13,13,13,1.0,0.6187845303867403,24,164.67261904761904,NORM-1012
TXN-SYN-10518,TXN-SYN-11838,NORM-1075,15760.23,4976.07,10784.16,90.6,UPI,0,11,23,11,21,1.0,0.7340021708234137,29,114.11000000000001,NORM-1074
TXN-SYN-10450,TXN-SYN-11866,NORM-1085,12502.48,9375.95,3126.529999999999,657.2333333333333,UPI,0,16,13,14,12,1.0,0.6583220355014661,24,212.5033333333333,NORM-1039
TXN-SYN-10551,TXN-SYN-10144,NORM-1098,1441.26,14014.57,0.0,216.91666666666666,UPI,0,17,19,16,18,1.0,0.7825708902951548,29,80.35588235294118,NORM-1069
TXN-SYN-10288,TXN-SYN-11950,NORM-1099,10458.09,7209.23,3248.8600000000006,236.45,UPI,0,11,14,10,13,1.0,0.5656926277679655,22,208.42727272727276,NORM-1105
TXN-SYN-10822,TXN-SYN-11465,MCH-2025,27005.0,197388.82,0.0,24.233333333333334,RTGS,0,26,6,24,6,1.0,0.5005866249511146,30,280.2953703703704,MCH-2033
TXN-SYN-11099,TXN-SYN-11265,MCH-2033,31621.32,191539.46,0.0,339.25,RTGS,0,21,7,17,6,0.9203997543136714,0.6931407942238267,22,377.7255555555556,MCH-2031
TXN-SYN-11911,TXN-SYN-10141,NORM-1090,4382.19,10233.48,0.0,48.833333333333336,UPI,0,11,27,9,22,1.0,0.8457600712219008,31,79.46363636363637,NORM-1091
TXN-SYN-10809,TXN-SYN-11372,MCH-2001,29155.62,174245.82,0.0,203.33333333333334,RTGS,0,18,10,18,7,1.0,0.43642598293262674,25,211.29509803921567,MCH-2017
TXN-SYN-10211,TXN-SYN-10164,NORM-1014,3559.92,13936.96,0.0,36.53333333333333,UPI,0,14,23,14,23,1.0,0.8021631908269147,36,96.43846153846152,NORM-1092
TXN-SYN-10612,TXN-SYN-11838,NORM-1075,10148.66,4976.07,5172.59,80.43333333333334,UPI,0,11,23,11,21,1.0,0.7340021708234137,29,114.11000000000001,NORM-1074
TXN-SYN-11378,TXN-SYN-10757,MCH-2005,20145.32,245938.42,0.0,199.18333333333334,RTGS,0,30,11,26,4,0.5749206075508325,0.8868753267198232,29,196.39259259259256,MCH-2031
TXN-SYN-11096,TXN-SYN-11234,MCH-2021,11233.74,195116.36,0.0,73.33333333333333,RTGS,0,26,6,22,6,0.6936701868421437,0.6126225776945822,28,296.9126666666667,MCH-2029
TXN-SYN-11892,TXN-SYN-11186,NORM-1056,11425.32,1746.07,9679.25,563.9,UPI,0,2,4,2,4,1.0,0.21784295136857815,6,563.9,MCH-2012
TXN-SYN-10103,TXN-SYN-10301,NORM-1004,16014.58,12955.37,3059.209999999999,21.316666666666666,UPI,0,15,21,13,19,0.8860930506436103,0.7538740751081949,32,238.8311111111111,NORM-1106
TXN-SYN-10411,TXN-SYN-10244,NORM-1095,1294.32,4418.48,0.0,147.7,UPI,0,12,19,11,18,1.0,0.6891824295533282,26,98.3263888888889,NORM-1012
TXN-SYN-10814,TXN-SYN-11373,MCH-2027,18329.18,98445.87,0.0,452.51666666666665,RTGS,0,26,3,24,3,0.300921650687241,0.4783220243467743,27,475.5785714285714,MCH-2034
TXN-SYN-10868,TXN-SYN-11516,MCH-2006,153421.1,110684.08,42737.020000000004,303.5833333333333,NEFT,0,21,16,17,11,1.0,0.8198386173532507,27,121.12416666666665,MCH-2013
TXN-SYN-10145,TXN-SYN-10570,NORM-1106,2055.2,6161.04,0.0,135.45,UPI,0,11,15,10,15,1.0,0.6706888892073547,25,101.08484848484846,NORM-1092
TXN-SYN-10207,TXN-SYN-11910,NORM-1091,13264.54,7807.29,5457.250000000001,1245.5,UPI,0,10,11,10,11,1.0,0.4695360536612633,20,670.9875,NORM-1072
TXN-SYN-11608,TXN-SYN-11609,MULE-3024,91083.72,89106.97,1976.75,4.15,IMPS,1,5,1,5,1,0.33954586339930465,0.26911528350547576,6,259.2888888888889,MULE-3025
TXN-SYN-11465,TXN-SYN-11265,MCH-2033,197388.82,191539.46,5849.360000000015,315.05,RTGS,0,21,7,17,6,0.9203997543136714,0.6931407942238267,22,377.7255555555556,MCH-2031
TXN-SYN-11609,TXN-SYN-11610,MULE-3025,89106.97,86535.28,2571.6900000000023,4.816666666666666,IMPS,1,4,1,3,1,0.45873086831824084,0.9753982876341172,4,4.816666666666666,MULE-3026
TXN-SYN-10769,TXN-SYN-11303,MCH-2028,97202.65,115733.66,0.0,943.6333333333333,RTGS,0,28,3,26,3,0.18395959630467112,0.6815808277909086,29,636.2574074074074,MCH-2032
TXN-SYN-11610,TXN-SYN-11611,MULE-3026,86535.28,84466.84,2068.4400000000023,3.5166666666666666,IMPS,1,3,1,2,1,0.48638250777077957,0.880195599022005,3,3.5166666666666666,MULE-3027
TXN-SYN-10174,TXN-SYN-11838,NORM-1075,3416.58,4976.07,0.0,55.75,UPI,0,11,23,11,21,1.0,0.7340021708234137,29,114.11000000000001,NORM-1074
TXN-SYN-10834,TXN-SYN-11368,MCH-2018,64912.82,79007.44,0.0,55.75,RTGS,0,22,7,19,5,0.8577441564033355,0.6701974000962927,23,479.6236842105262,MCH-2031
TXN-SYN-11192,TXN-SYN-11091,MCH-2024,28640.76,137988.83,0.0,204.46666666666667,RTGS,0,18,11,17,9,1.0,0.590658097220965,25,146.028125,MCH-2031
TXN-SYN-10684,TXN-SYN-10231,NORM-1068,9645.35,14635.34,0.0,59.0,UPI,0,7,12,7,11,1.0,0.42395730675542503,16,215.95000000000002,NORM-1015
TXN-SYN-11864,TXN-SYN-10766,NORM-1016,9757.25,6360.72,3396.5299999999997,25.133333333333333,NEFT,0,15,21,14,18,0.9035014330999471,0.76905274776138,30,104.32142857142856,MCH-2002
TXN-SYN-10301,TXN-SYN-10570,NORM-1106,12955.37,6161.04,6794.330000000001,119.43333333333334,UPI,0,11,15,10,15,1.0,0.6706888892073547,25,101.08484848484846,NORM-1092
TXN-SYN-10164,TXN-SYN-11658,NORM-1092,13936.96,255439.48,0.0,108.05,NEFT,0,14,16,14,16,1.0,0.6852922327201659,27,210.33809523809526,STR-4007
TXN-SYN-10874,TXN-SYN-10743,MCH-2025,15318.31,234022.45,0.0,744.3166666666667,RTGS,0,26,6,24,6,1.0,0.5005866249511146,30,280.2953703703704,MCH-2004
TXN-SYN-10357,TXN-SYN-11872,NORM-1102,16215.25,11474.23,4741.02,6.95,UPI,0,12,15,11,13,1.0,0.5872402126631223,21,112.10555555555557,NORM-1071
TXN-SYN-10166,TXN-SYN-11729,NORM-1083,8427.1,286272.51,0.0,160.23333333333332,NEFT,0,13,14,13,12,1.0,0.572583162991806,25,144.47083333333333,STR-4020
TXN-SYN-11201,TXN-SYN-11021,MCH-2008,25783.09,116759.76,0.0,954.9166666666666,RTGS,0,39,3,34,3,0.2427401117423724,0.9007989228541982,37,628.5277777777779,MCH-2028
TXN-SYN-11404,TXN-SYN-11234,MCH-2021,9449.62,195116.36,0.0,41.75,RTGS,0,26,6,22,6,0.6936701868421437,0.6126225776945822,28,296.9126666666667,MCH-2029
TXN-SYN-10358,TXN-SYN-10708,NORM-1071,1236.29,631.98,604.31,44.45,UPI,0,13,20,13,18,1.0,0.7230235530399854,30,223.20256410256408,MCH-2023
TXN-SYN-10778,TXN-SYN-11373,MCH-2027,207825.44,98445.87,109379.57,427.48333333333335,RTGS,0,26,3,24,3,0.300921650687241,0.4783220243467743,27,475.5785714285714,MCH-2034
TXN-SYN-11872,TXN-SYN-10708,NORM-1071,11474.23,631.98,10842.25,40.03333333333333,UPI,0,13,20,13,18,1.0,0.7230235530399854,30,223.20256410256408,MCH-2023
TXN-SYN-10141,TXN-SYN-11910,NORM-1091,10233.48,7807.29,2426.1899999999996,1217.8166666666666,UPI,0,10,11,10,11,1.0,0.4695360536612633,20,670.9875,NORM-1072
TXN-SYN-11220,TXN-SYN-11156,MCH-2034,10755.68,206350.41,0.0,565.0666666666667,RTGS,0,23,9,22,9,1.0,0.7372752814381989,28,228.65606060606058,MCH-2018
TXN-SYN-10217,TXN-SYN-11143,NORM-1077,1095.1,6699.97,0.0,25.016666666666666,NEFT,0,10,29,10,26,1.0,0.8427421533142455,33,72.28166666666667,MCH-2020
TXN-SYN-10563,TXN-SYN-10708,NORM-1071,3208.97,631.98,2576.99,36.03333333333333,UPI,0,13,20,13,18,1.0,0.7230235530399854,30,223.20256410256408,MCH-2023
TXN-SYN-10945,TXN-SYN-11303,MCH-2028,15442.3,115733.66,0.0,912.6,RTGS,0,28,3,26,3,0.18395959630467112,0.6815808277909086,29,636.2574074074074,MCH-2032
TXN-SYN-10766,TXN-SYN-11493,MCH-2002,6360.72,90643.45,0.0,230.35,NEFT,0,20,9,17,5,1.0,0.7362430448304313,21,240.65588235294115,MCH-2009
TXN-SYN-11968,TXN-SYN-10134,NORM-1081,6548.4,5123.75,1424.6499999999996,170.86666666666667,UPI,0,9,10,6,9,1.0,0.43156480096912797,15,231.69791666666669,NORM-1016
TXN-SYN-10892,TXN-SYN-10828,MCH-2030,96828.8,229996.96,0.0,400.15,RTGS,0,20,4,20,4,0.4328675652225954,0.6275330108510917,23,272.29912280701757,MCH-2034
TXN-SYN-10511,TXN-SYN-10649,NORM-1018,1053.1,16863.59,0.0,273.78333333333336,UPI,0,11,16,10,16,1.0,0.6385830289333299,26,141.43333333333334,NORM-1004
TXN-SYN-11824,TXN-SYN-10695,NORM-1070,11478.84,11294.23,184.61000000000058,128.16666666666666,UPI,0,12,26,11,25,1.0,0.8800144095926716,34,102.13787878787879,NORM-1015
TXN-SYN-11143,TXN-SYN-10710,MCH-2020,6699.97,153655.53,0.0,84.26666666666667,RTGS,0,27,3,26,2,0.85700691569958,0.7083035474202667,28,262.7933333333333,MCH-2005
TXN-SYN-10963,TXN-SYN-11074,MCH-2011,31670.61,219202.6,0.0,87.53333333333333,RTGS,0,29,7,23,6,0.8184959097255264,0.802213515069358,28,293.1798850574713,MCH-2012
TXN-SYN-10615,TXN-SYN-11769,NORM-1082,7339.03,4259.62,3079.41,51.38333333333333,UPI,0,13,19,9,18,1.0,0.7073082378078357,24,119.71666666666667,NORM-1025
TXN-SYN-11234,TXN-SYN-11260,MCH-2029,195116.36,210409.78,0.0,1.2166666666666666,RTGS,0,26,4,25,4,0.4768410431001316,0.6276223573030835,28,525.5410256410257,MCH-2007
TXN-SYN-11259,TXN-SYN-11074,MCH-2011,18644.18,219202.6,0.0,78.13333333333334,RTGS,0,29,7,23,6,0.8184959097255264,0.802213515069358,28,293.1798850574713,MCH-2012
TXN-SYN-11260,TXN-SYN-11525,MCH-2007,210409.78,109955.91,100453.87,186.05,NEFT,0,21,14,21,8,1.0,0.6929168499780026,28,283.69629629629634,MCH-2014
TXN-SYN-11838,TXN-SYN-10640,NORM-1074,4976.07,13939.1,0.0,1076.8833333333334,UPI,0,6,11,6,10,1.0,0.40467090733565203,15,700.4472222222222,NORM-1076
TXN-SYN-11368,TXN-SYN-10920,MCH-2031,79007.44,144121.63,0.0,1141.4333333333334,RTGS,0,25,7,22,7,0.6879843239693775,0.6797984208849182,25,399.8557971014493,MCH-2029
TXN-SYN-10708,TXN-SYN-11261,MCH-2023,631.98,113527.45,0.0,878.1166666666667,RTGS,0,35,8,31,6,0.6193581742780404,0.9352457134571466,36,554.3409523809524,MCH-2014
TXN-SYN-11263,TXN-SYN-11156,MCH-2034,24961.46,206350.41,0.0,525.7666666666667,RTGS,0,23,9,22,9,1.0,0.7372752814381989,28,228.65606060606058,MCH-2018
TXN-SYN-11956,TXN-SYN-10455,NORM-1075,3180.65,2459.81,720.8400000000001,28.016666666666666,UPI,0,11,23,11,21,1.0,0.7340021708234137,29,114.11000000000001,NORM-1109
TXN-SYN-11330,TXN-SYN-10829,MCH-2009,2714.07,64420.68,0.0,272.23333333333335,RTGS,0,27,11,20,10,0.6228123125366313,0.8066227977074931,28,210.48333333333332,MCH-2020
TXN-SYN-10231,TXN-SYN-10235,NORM-1015,14635.34,3733.59,10901.75,21.166666666666668,UPI,0,18,19,16,19,0.540306292548446,0.814519482425458,33,91.19880952380952,NORM-1017
TXN-SYN-11482,TXN-SYN-10743,MCH-2025,22637.28,234022.45,0.0,689.3833333333333,RTGS,0,26,6,24,6,1.0,0.5005866249511146,30,280.2953703703704,MCH-2004
TXN-SYN-10725,TXN-SYN-11073,MCH-2010,20706.12,154962.03,0.0,702.85,RTGS,0,31,9,26,9,0.5815589894687686,0.8669371831766024,33,661.4083333333333,MCH-2006
TXN-SYN-10213,TXN-SYN-11534,NORM-1003,3412.97,18014.99,0.0,508.21666666666664,UPI,0,11,12,11,12,0.7831577148973093,0.5000996575404519,22,259.80833333333334,NORM-1026
TXN-SYN-11847,TXN-SYN-10418,NORM-1087,8453.23,3044.05,5409.179999999999,103.93333333333334,UPI,0,12,18,12,17,1.0,0.6455662153680625,29,188.75694444444446,NORM-1015
TXN-SYN-10840,TXN-SYN-11021,MCH-2008,14872.09,116759.76,0.0,886.9,RTGS,0,39,3,34,3,0.2427401117423724,0.9007989228541982,37,628.5277777777779,MCH-2028
TXN-SYN-10961,TXN-SYN-11487,MCH-2017,34035.63,166047.33,0.0,369.23333333333335,RTGS,0,16,10,15,7,1.0,0.618425921031767,22,182.76444444444445,MCH-2005
TXN-SYN-10313,TXN-SYN-10144,NORM-1098,11458.34,14014.57,0.0,101.71666666666667,UPI,0,17,19,16,18,1.0,0.7825708902951548,29,80.35588235294118,NORM-1069
TXN-SYN-10275,TXN-SYN-10152,NORM-1012,12728.56,12732.57,0.0,280.93333333333334,UPI,0,17,21,16,21,1.0,0.8985221674876848,33,196.0607843137255,NORM-1016
TXN-SYN-11011,TXN-SYN-11373,MCH-2027,27158.84,98445.87,0.0,357.3666666666667,RTGS,0,26,3,24,3,0.300921650687241,0.4783220243467743,27,475.5785714285714,MCH-2034
TXN-SYN-10235,TXN-SYN-10763,NORM-1017,3733.59,12509.51,0.0,269.8333333333333,NEFT,0,14,22,14,20,1.0,0.7948774563921396,29,108.70238095238095,MCH-2033
TXN-SYN-10279,TXN-SYN-10291,NORM-1005,14458.58,16149.33,0.0,184.61666666666667,UPI,0,14,17,13,17,1.0,0.6878995025672952,28,126.5845238095238,NORM-1090
TXN-SYN-10455,TXN-SYN-10933,NORM-1109,2459.81,24709.75,0.0,42.28333333333333,NEFT,0,10,15,9,14,1.0,0.5436489718993887,22,133.28611111111113,MCH-2012
TXN-SYN-10270,TXN-SYN-10552,NORM-1071,15457.92,11318.28,4139.639999999999,10.3,UPI,0,13,20,13,18,1.0,0.7230235530399854,30,223.20256410256408,NORM-1004
TXN-SYN-11188,TXN-SYN-11373,MCH-2027,217714.05,98445.87,119268.18,352.0833333333333,RTGS,0,26,3,24,3,0.300921650687241,0.4783220243467743,27,475.5785714285714,MCH-2034
TXN-SYN-11418,TXN-SYN-11303,MCH-2028,102917.85,115733.66,0.0,846.5333333333333,RTGS,0,28,3,26,3,0.18395959630467112,0.6815808277909086,29,636.2574074074074,MCH-2032
TXN-SYN-11141,TXN-SYN-11373,MCH-2027,34493.7,98445.87,0.0,347.3833333333333,RTGS,0,26,3,24,3,0.300921650687241,0.4783220243467743,27,475.5785714285714,MCH-2034
TXN-SYN-11468,TXN-SYN-11261,MCH-2023,26874.26,113527.45,0.0,841.1666666666666,RTGS,0,35,8,31,6,0.6193581742780404,0.9352457134571466,36,554.3409523809524,MCH-2014
TXN-SYN-10631,TXN-SYN-10765,NORM-1030,5416.44,33088.38,0.0,191.43333333333334,NEFT,0,10,14,9,14,1.0,0.5709829630314965,23,99.05740740740741,MCH-2018
TXN-SYN-10165,TXN-SYN-11950,NORM-1099,4014.34,7209.23,0.0,107.75,UPI,0,11,14,10,13,1.0,0.5656926277679655,22,208.42727272727276,NORM-1105
TXN-SYN-10728,TXN-SYN-11074,MCH-2011,150622.07,219202.6,0.0,35.25,RTGS,0,29,7,23,6,0.8184959097255264,0.802213515069358,28,293.1798850574713,MCH-2012
TXN-SYN-11769,TXN-SYN-11213,NORM-1025,4259.62,6491.2,0.0,79.31666666666666,NEFT,0,16,9,15,9,0.5469324490164661,0.5395586410316361,22,330.58000000000004,MCH-2010
TXN-SYN-10552,TXN-SYN-11537,NORM-1004,11318.28,17116.02,0.0,480.31666666666666,UPI,0,15,21,13,19,0.8860930506436103,0.7538740751081949,32,238.8311111111111,NORM-1084
TXN-SYN-11588,TXN-SYN-11589,MULE-3004,80686.76,76904.09,3782.6699999999983,4.05,IMPS,1,2,1,2,1,0.5984004338756,3.633916554508748,3,4.05,MULE-3005
TXN-SYN-10248,TXN-SYN-10189,NORM-1090,5136.65,17441.41,0.0,42.71666666666667,UPI,0,11,27,9,22,1.0,0.8457600712219008,31,79.46363636363637,NORM-1086
TXN-SYN-11818,TXN-SYN-11403,NORM-1037,10418.95,15768.3,0.0,439.93333333333334,NEFT,0,3,11,3,10,1.0,0.2194386029075615,13,656.7333333333333,MCH-2030
TXN-SYN-11589,TXN-SYN-11590,MULE-3005,76904.09,73422.51,3481.5800000000017,4.783333333333333,IMPS,1,5,1,5,1,0.28915732542949735,0.6090168325485662,6,206.175,MULE-3006
TXN-SYN-10823,TXN-SYN-11261,MCH-2023,15716.6,113527.45,0.0,828.4833333333333,RTGS,0,35,8,31,6,0.6193581742780404,0.9352457134571466,36,554.3409523809524,MCH-2014
TXN-SYN-10215,TXN-SYN-10567,NORM-1078,4080.49,4543.48,0.0,472.01666666666665,UPI,0,8,16,8,16,1.0,0.5277044854881267,24,135.77142857142854,NORM-1030
TXN-SYN-11590,TXN-SYN-11591,MULE-3006,73422.51,71579.67,1842.8399999999965,2.1,IMPS,1,3,1,3,1,0.4260653811591449,0.3484489183564826,4,319.75,MULE-3007
TXN-SYN-11467,TXN-SYN-11021,MCH-2008,29787.51,116759.76,0.0,856.95,RTGS,0,39,3,34,3,0.2427401117423724,0.9007989228541982,37,628.5277777777779,MCH-2028
TXN-SYN-11090,TXN-SYN-10829,MCH-2009,229648.71,64420.68,165228.03,224.28333333333333,RTGS,0,27,11,20,10,0.6228123125366313,0.8066227977074931,28,210.48333333333332,MCH-2020
TXN-SYN-11615,TXN-SYN-11616,G443,293971.36,45314.66,248656.69999999998,29.933333333333334,IMPS,1,1,3,1,3,0.45162260024241824,4.575786463298379,4,29.933333333333334,MULE-3012
TXN-SYN-11148,TXN-SYN-11021,MCH-2008,29230.96,116759.76,0.0,852.7166666666667,RTGS,0,39,3,34,3,0.2427401117423724,0.9007989228541982,37,628.5277777777779,MCH-2028
TXN-SYN-11658,TXN-SYN-11659,STR-4007,255439.48,47446.88,207992.6,19.55,IMPS,1,1,5,1,5,0.905087067981817,6.805293005671077,6,19.55,MULE-3023
TXN-SYN-11653,TXN-SYN-11654,STR-4006,296058.82,47829.34,248229.48,32.833333333333336,IMPS,1,1,4,1,4,0.6249049766529502,5.238649592549476,5,32.833333333333336,MULE-3004
TXN-SYN-11307,TXN-SYN-10929,MCH-2003,21816.0,177819.58,0.0,170.13333333333333,RTGS,0,27,18,22,12,1.0,0.9491223547608446,33,172.86014492753625,MCH-2031
TXN-SYN-10799,TXN-SYN-10717,MCH-2004,5215.24,62453.1,0.0,4.933333333333334,RTGS,0,17,20,17,14,1.0,0.788660343173825,31,99.37564102564102,MCH-2034
TXN-SYN-11014,TXN-SYN-11074,MCH-2011,27754.94,219202.6,0.0,10.533333333333333,RTGS,0,29,7,23,6,0.8184959097255264,0.802213515069358,28,293.1798850574713,MCH-2012
TXN-SYN-10108,TXN-SYN-11781,NORM-1105,1780.26,11930.38,0.0,248.51666666666668,UPI,0,11,19,9,18,1.0,0.6783621323183026,26,86.07878787878788,NORM-1034
TXN-SYN-10717,TXN-SYN-11156,MCH-2034,62453.1,206350.41,0.0,459.8333333333333,RTGS,0,23,9,22,9,1.0,0.7372752814381989,28,228.65606060606058,MCH-2018
TXN-SYN-10570,TXN-SYN-10413,NORM-1092,6161.04,694.51,5466.53,90.73333333333333,UPI,0,14,16,14,16,1.0,0.6852922327201659,27,210.33809523809526,NORM-1028
TXN-SYN-10115,TXN-SYN-10897,NORM-1107,6540.1,33407.5,0.0,47.03333333333333,NEFT,0,6,17,6,15,1.0,0.49908380750313436,20,163.10277777777776,MCH-2028
TXN-SYN-10710,TXN-SYN-10757,MCH-2005,153655.53,245938.42,0.0,50.46666666666667,RTGS,0,30,11,26,4,0.5749206075508325,0.8868753267198232,29,196.39259259259256,MCH-2031
TXN-SYN-11210,TXN-SYN-11074,MCH-2011,3217.64,219202.6,0.0,4.216666666666667,RTGS,0,29,7,23,6,0.8184959097255264,0.802213515069358,28,293.1798850574713,MCH-2012
TXN-SYN-10065,TXN-SYN-11910,NORM-1091,14253.13,7807.29,6445.839999999999,1106.4,UPI,0,10,11,10,11,1.0,0.4695360536612633,20,670.9875,NORM-1072
TXN-SYN-10425,TXN-SYN-10461,NORM-1021,9137.7,6621.77,2515.9300000000003,420.18333333333334,UPI,0,8,12,7,12,1.0,0.4459391664653747,17,240.21875,NORM-1083
TXN-SYN-10933,TXN-SYN-11411,MCH-2012,24709.75,237231.58,0.0,146.71666666666667,RTGS,0,31,9,21,8,0.8166960909487291,0.8869889803938478,28,297.4005555555556,MCH-2005
TXN-SYN-10821,TXN-SYN-11073,MCH-2010,10671.71,154962.03,0.0,641.9333333333333,RTGS,0,31,9,26,9,0.5815589894687686,0.8669371831766024,33,661.4083333333333,MCH-2006
TXN-SYN-11074,TXN-SYN-11411,MCH-2012,219202.6,237231.58,0.0,143.31666666666666,RTGS,0,31,9,21,8,0.8166960909487291,0.8869889803938478,28,297.4005555555556,MCH-2005
TXN-SYN-10244,TXN-SYN-10152,NORM-1012,4418.48,12732.57,0.0,229.76666666666668,UPI,0,17,21,16,21,1.0,0.8985221674876848,33,196.0607843137255,NORM-1016
TXN-SYN-10694,TXN-SYN-11135,NORM-1088,11320.25,24837.25,0.0,82.55,NEFT,0,11,21,10,21,1.0,0.7038424175031923,28,80.69074074074074,MCH-2011
TXN-SYN-11871,TXN-SYN-10152,NORM-1012,3033.2,12732.57,0.0,225.95,UPI,0,17,21,16,21,1.0,0.8985221674876848,33,196.0607843137255,NORM-1016
TXN-SYN-11087,TXN-SYN-11372,MCH-2001,20990.13,174245.82,0.0,34.2,RTGS,0,18,10,18,7,1.0,0.43642598293262674,25,211.29509803921567,MCH-2017
TXN-SYN-10537,TXN-SYN-10898,NORM-1067,2613.0,7938.72,0.0,130.41666666666666,NEFT,0,12,19,11,17,1.0,0.7465881723307465,26,120.43333333333332,MCH-2021
TXN-SYN-11616,TXN-SYN-11597,MULE-3012,45314.66,59384.71,0.0,54.46666666666667,IMPS,1,2,1,2,1,0.5517752317727453,3.3047735618115053,3,29.025000000000002,MULE-3013
TXN-SYN-11175,TXN-SYN-10829,MCH-2009,18988.2,64420.68,0.0,190.58333333333334,RTGS,0,27,11,20,10,0.6228123125366313,0.8066227977074931,28,210.48333333333332,MCH-2020
TXN-SYN-10189,TXN-SYN-10583,NORM-1086,17441.41,4242.68,13198.73,158.0,UPI,0,13,18,11,18,1.0,0.6788981896048277,26,144.0111111111111,NORM-1016
TXN-SYN-10399,TXN-SYN-10333,NORM-1104,9645.09,5895.56,3749.5299999999997,178.01666666666668,UPI,0,7,14,7,13,1.0,0.44910179640718567,17,70.66666666666666,NORM-1002
TXN-SYN-11617,TXN-SYN-11585,E889,44181.97,90265.79,0.0,124.68333333333334,IMPS,1,4,1,4,1,0.4237243270322347,0.2849183234139547,5,392.74444444444447,MULE-3001
TXN-SYN-10495,TXN-SYN-11537,NORM-1004,11505.72,17116.02,0.0,426.1666666666667,UPI,0,15,21,13,19,0.8860930506436103,0.7538740751081949,32,238.8311111111111,NORM-1084
TXN-SYN-11880,TXN-SYN-10383,NORM-1073,4887.28,14454.78,0.0,220.18333333333334,UPI,0,14,20,14,19,1.0,0.7206443408223824,30,128.97976190476194,NORM-1078
TXN-SYN-11138,TXN-SYN-11021,MCH-2008,247468.35,116759.76,130708.59000000001,810.9833333333333,RTGS,0,39,3,34,3,0.2427401117423724,0.9007989228541982,37,628.5277777777779,MCH-2028
TXN-SYN-11478,TXN-SYN-10757,MCH-2005,9781.22,245938.42,0.0,22.933333333333334,RTGS,0,30,11,26,4,0.5749206075508325,0.8868753267198232,29,196.39259259259256,MCH-2031
TXN-SYN-10559,TXN-SYN-10070,NORM-1103,900.89,9732.46,0.0,88.68333333333334,UPI,0,12,11,12,11,0.9101937353061555,0.49397741306176507,23,138.8651515151515,NORM-1024
TXN-SYN-10449,TXN-SYN-11213,NORM-1025,8525.11,6491.2,2033.9100000000008,18.816666666666666,NEFT,0,16,9,15,9,0.5469324490164661,0.5395586410316361,22,330.58000000000004,MCH-2010
TXN-SYN-10027,TXN-SYN-10758,NORM-1050,9761.06,33631.62,0.0,745.9833333333333,NEFT,0,2,11,2,10,1.0,0.2845157760350173,12,476.775,MCH-2016
TXN-SYN-10788,TXN-SYN-11383,MCH-2013,6524.01,214525.7,0.0,751.3333333333334,RTGS,0,26,8,21,7,0.7886574067900582,0.8154129027100487,28,320.3467948717949,MCH-2026
TXN-SYN-11206,TXN-SYN-11373,MCH-2027,15112.68,98445.87,0.0,276.55,RTGS,0,26,3,24,3,0.300921650687241,0.4783220243467743,27,475.5785714285714,MCH-2034
TXN-SYN-11422,TXN-SYN-11372,MCH-2001,28837.0,174245.82,0.0,7.683333333333334,RTGS,0,18,10,18,7,1.0,0.43642598293262674,25,211.29509803921567,MCH-2017
TXN-SYN-11322,TXN-SYN-11024,MCH-2019,245043.66,175002.4,70041.26000000001,109.46666666666667,RTGS,0,20,5,19,4,0.6934683588975965,0.6205912165656482,22,225.66944444444448,MCH-2006
TXN-SYN-10695,TXN-SYN-10299,NORM-1015,11294.23,2451.12,8843.11,10.283333333333333,UPI,0,18,19,16,19,0.540306292548446,0.814519482425458,33,91.19880952380952,NORM-1001
TXN-SYN-10871,TXN-SYN-11516,MCH-2006,22181.95,110684.08,0.0,122.58333333333333,NEFT,0,21,16,17,11,1.0,0.8198386173532507,27,121.12416666666665,MCH-2013
TXN-SYN-10927,TXN-SYN-11059,MCH-2014,7685.04,172828.66,0.0,65.56666666666666,RTGS,0,27,11,20,9,0.8008858467941137,0.8991481754127669,27,418.02160493827165,MCH-2028
TXN-SYN-10503,TXN-SYN-11897,NORM-1100,2473.87,4031.94,0.0,52.36666666666667,UPI,0,11,11,11,11,1.0,0.4946506529763355,20,209.14629629629633,NORM-1004
TXN-SYN-11729,TXN-SYN-11730,STR-4020,286272.51,42510.03,243762.48,23.15,IMPS,1,1,3,1,3,0.48514294998147045,4.9706593027269586,4,23.15,MULE-3020
TXN-SYN-10420,TXN-SYN-10865,NORM-1096,6205.22,34985.17,0.0,363.73333333333335,NEFT,0,15,13,13,13,1.0,0.6187845303867403,24,164.67261904761904,MCH-2013
TXN-SYN-10753,TXN-SYN-10743,MCH-2025,12031.89,234022.45,0.0,579.8,RTGS,0,26,6,24,6,1.0,0.5005866249511146,30,280.2953703703704,MCH-2004
TXN-SYN-11372,TXN-SYN-11487,MCH-2017,174245.82,166047.33,8198.49000000002,275.93333333333334,RTGS,0,16,10,15,7,1.0,0.618425921031767,22,182.76444444444445,MCH-2005
TXN-SYN-10897,TXN-SYN-11303,MCH-2028,33407.5,115733.66,0.0,763.8,RTGS,0,28,3,26,3,0.18395959630467112,0.6815808277909086,29,636.2574074074074,MCH-2032
TXN-SYN-11213,TXN-SYN-11073,MCH-2010,6491.2,154962.03,0.0,594.5,RTGS,0,31,9,26,9,0.5815589894687686,0.8669371831766024,33,661.4083333333333,MCH-2006
TXN-SYN-11809,TXN-SYN-11723,NORM-1041,9201.98,196484.95,0.0,36.516666666666666,NEFT,0,3,11,3,11,1.0,0.41413651714475885,14,18.775,STR-4019
TXN-SYN-10602,TXN-SYN-11104,NORM-1066,15541.41,15716.1,0.0,54.416666666666664,NEFT,0,9,12,7,11,1.0,0.4985524832002321,18,197.34259259259258,MCH-2007
TXN-SYN-10757,TXN-SYN-10920,MCH-2031,245938.42,144121.63,101816.79000000001,1019.1833333333333,RTGS,0,25,7,22,7,0.6879843239693775,0.6797984208849182,25,399.8557971014493,MCH-2029
TXN-SYN-10299,TXN-SYN-11167,NORM-1001,2451.12,17683.6,0.0,95.48333333333333,NEFT,0,12,23,12,22,1.0,0.7832703401631191,32,97.02499999999999,MCH-2033
TXN-SYN-10418,TXN-SYN-10549,NORM-1015,3044.05,10131.98,0.0,197.9,UPI,0,18,19,16,19,0.540306292548446,0.814519482425458,33,91.19880952380952,NORM-1086
TXN-SYN-10144,TXN-SYN-10085,NORM-1069,14014.57,5750.57,8264.0,81.21666666666667,UPI,0,15,15,15,15,1.0,0.6611813106082868,26,221.37380952380954,NORM-1085
TXN-SYN-11388,TXN-SYN-11473,MCH-2020,8409.67,224465.79,0.0,642.1666666666666,RTGS,0,27,3,26,2,0.85700691569958,0.7083035474202667,28,262.7933333333333,MCH-2030
TXN-SYN-10855,TXN-SYN-10796,MCH-2015,148170.78,120083.96,28086.819999999992,78.45,RTGS,0,25,13,23,10,1.0,0.8303893360527371,32,116.27500000000002,MCH-2013
TXN-SYN-11755,TXN-SYN-11946,NORM-1024,4952.39,11515.63,0.0,234.88333333333333,UPI,0,9,13,9,12,1.0,0.4641595020834432,20,148.7296296296296,NORM-1077
TXN-SYN-11596,TXN-SYN-11597,MULE-3012,62310.16,59384.71,2925.4500000000044,3.5833333333333335,IMPS,1,2,1,2,1,0.5517752317727453,3.3047735618115053,3,29.025000000000002,MULE-3013
TXN-SYN-11274,TXN-SYN-11473,MCH-2020,17724.73,224465.79,0.0,632.6166666666667,RTGS,0,27,3,26,2,0.85700691569958,0.7083035474202667,28,262.7933333333333,MCH-2030
TXN-SYN-11597,TXN-SYN-11598,MULE-3013,59384.71,56501.48,2883.229999999996,1.9166666666666667,IMPS,1,1,1,1,1,0.95144827683759,20.0,2,1.9166666666666667,MULE-3014
TXN-SYN-11955,TXN-SYN-10158,NORM-1010,5444.84,2755.0,2689.84,105.06666666666666,UPI,0,18,17,16,16,0.4961328133372379,0.7617942067364373,27,194.57592592592593,NORM-1106
TXN-SYN-11598,TXN-SYN-11599,MULE-3014,56501.48,54923.62,1577.8600000000006,3.433333333333333,IMPS,1,5,1,5,1,0.22962551725570943,0.48392517083006614,6,250.16666666666663,MULE-3015
TXN-SYN-10134,TXN-SYN-10221,NORM-1016,5123.75,13842.81,0.0,118.5,UPI,0,15,21,14,18,0.9035014330999471,0.76905274776138,30,104.32142857142856,NORM-1022
TXN-SYN-11950,TXN-SYN-11781,NORM-1105,7209.23,11930.38,0.0,168.3,UPI,0,11,19,9,18,1.0,0.6783621323183026,26,86.07878787878788,NORM-1034
TXN-SYN-10531,TXN-SYN-11897,NORM-1100,13673.03,4031.94,9641.09,15.75,UPI,0,11,11,11,11,1.0,0.4946506529763355,20,209.14629629629633,NORM-1004
TXN-SYN-11091,TXN-SYN-10920,MCH-2031,137988.83,144121.63,0.0,990.6,RTGS,0,25,7,22,7,0.6879843239693775,0.6797984208849182,25,399.8557971014493,MCH-2029
TXN-SYN-11679,TXN-SYN-11680,STR-4011,175628.84,46220.4,129408.44,24.25,IMPS,1,1,6,1,6,1.0,5.787781350482315,7,24.25,MULE-3011
TXN-SYN-11233,TXN-SYN-11073,MCH-2010,30288.49,154962.03,0.0,562.9666666666667,RTGS,0,31,9,26,9,0.5815589894687686,0.8669371831766024,33,661.4083333333333,MCH-2006
TXN-SYN-10482,TXN-SYN-10469,NORM-1097,8133.83,1732.27,6401.5599999999995,119.95,UPI,0,9,17,9,17,1.0,0.5736629852539193,25,210.94814814814814,NORM-1026
TXN-SYN-11275,TXN-SYN-10743,MCH-2025,13818.98,234022.45,0.0,543.6,RTGS,0,26,6,24,6,1.0,0.5005866249511146,30,280.2953703703704,MCH-2004
TXN-SYN-10577,TXN-SYN-11200,NORM-1083,2976.76,30629.41,0.0,98.88333333333334,NEFT,0,13,14,13,12,1.0,0.572583162991806,25,144.47083333333333,MCH-2005
TXN-SYN-10171,TXN-SYN-11167,NORM-1001,3750.88,17683.6,0.0,63.9,NEFT,0,12,23,12,22,1.0,0.7832703401631191,32,97.02499999999999,MCH-2033
TXN-SYN-11100,TXN-SYN-11453,MCH-2026,1158.41,120250.31,0.0,223.95,RTGS,0,19,6,19,6,0.7349821465112782,0.5605485902202956,24,297.7166666666667,MCH-2002
TXN-SYN-11723,TXN-SYN-11724,STR-4019,196484.95,48906.49,147578.46000000002,22.5,IMPS,1,1,5,1,5,0.9987210216354993,5.781584582441114,6,22.5,MULE-3007
TXN-SYN-10413,TXN-SYN-11285,NORM-1028,694.51,28368.22,0.0,208.85,NEFT,0,8,15,8,15,1.0,0.5601331330925031,23,94.91874999999999,MCH-2012
TXN-SYN-11135,TXN-SYN-10721,MCH-2011,24837.25,83401.57,0.0,103.18333333333334,RTGS,0,29,7,23,6,0.8184959097255264,0.802213515069358,28,293.1798850574713,MCH-2013
TXN-SYN-11840,TXN-SYN-10259,NORM-1023,9008.35,12074.77,0.0,8.3,UPI,0,14,19,13,17,1.0,0.7514374086794816,29,80.57083333333334,NORM-1006
TXN-SYN-11031,TXN-SYN-11493,MCH-2002,12779.95,90643.45,0.0,39.016666666666666,NEFT,0,20,9,17,5,1.0,0.7362430448304313,21,240.65588235294115,MCH-2009
TXN-SYN-10043,TXN-SYN-10866,NORM-1062,11385.87,19015.7,0.0,162.88333333333333,NEFT,0,5,9,5,9,1.0,0.33305578684429643,14,254.28999999999996,MCH-2025
TXN-SYN-11897,TXN-SYN-11537,NORM-1004,4031.94,17116.02,0.0,357.26666666666665,UPI,0,15,21,13,19,0.8860930506436103,0.7538740751081949,32,238.8311111111111,NORM-1084
TXN-SYN-11675,TXN-SYN-11676,STR-4010,183137.24,48501.35,134635.88999999998,27.866666666666667,IMPS,1,1,3,1,3,0.7355198756954074,4.798400533155615,4,27.866666666666667,MULE-3020
TXN-SYN-10007,TXN-SYN-10020,NORM-1036,2094.51,5714.32,0.0,870.5333333333333,UPI,0,6,5,6,5,0.24972184701876418,0.2738343025869044,11,514.7194444444444,NORM-1045
TXN-SYN-10259,TXN-SYN-10735,NORM-1006,12074.77,11048.3,1026.4700000000012,8.616666666666667,NEFT,0,15,19,15,18,0.897668609769335,0.7273461965855137,31,154.69285714285712,MCH-2035
TXN-SYN-11631,TXN-SYN-11632,STR-4002,217955.53,45746.8,172208.72999999998,21.216666666666665,IMPS,1,1,6,1,4,1.0,6.005719733079124,5,21.216666666666665,MULE-3020
TXN-SYN-11104,TXN-SYN-11525,MCH-2007,15716.1,109955.91,0.0,8.933333333333334,NEFT,0,21,14,21,8,1.0,0.6929168499780026,28,283.69629629629634,MCH-2014
TXN-SYN-11703,TXN-SYN-11704,STR-4015,253704.58,47327.64,206376.94,30.366666666666667,IMPS,1,1,3,1,3,0.5642999428705624,5.189189189189189,4,30.366666666666667,MULE-3005
TXN-SYN-11059,TXN-SYN-11303,MCH-2028,172828.66,115733.66,57095.0,703.85,RTGS,0,28,3,26,3,0.18395959630467112,0.6815808277909086,29,636.2574074074074,MCH-2032
TXN-SYN-11790,TXN-SYN-10583,NORM-1086,8517.76,4242.68,4275.08,64.01666666666667,UPI,0,13,18,11,18,1.0,0.6788981896048277,26,144.0111111111111,NORM-1016
TXN-SYN-11765,TXN-SYN-11775,NORM-1063,6374.44,7696.01,0.0,123.96666666666667,UPI,0,5,8,5,8,1.0,0.38881411694332285,13,226.68333333333334,NORM-1089
TXN-SYN-10110,TXN-SYN-10387,NORM-1020,3898.23,14610.34,0.0,201.16666666666666,UPI,0,13,18,12,16,1.0,0.6748625783862561,28,114.84102564102562,NORM-1004
TXN-SYN-11525,TXN-SYN-10748,MCH-2014,109955.91,58123.75,51832.16,41.63333333333333,RTGS,0,27,11,20,9,0.8008858467941137,0.8991481754127669,27,418.02160493827165,MCH-2007
TXN-SYN-10949,TXN-SYN-11156,MCH-2034,3609.65,206350.41,0.0,342.48333333333335,RTGS,0,23,9,22,9,1.0,0.7372752814381989,28,228.65606060606058,MCH-2018
TXN-SYN-11612,TXN-SYN-11613,MULE-3028,79739.88,76292.27,3447.6100000000006,4.016666666666667,IMPS,1,2,1,2,1,0.6131846613073344,0.5507675047172217,3,165.41666666666666,MULE-3029
TXN-SYN-10486,TXN-SYN-10469,NORM-1097,6399.46,1732.27,4667.1900000000005,85.5,UPI,0,9,17,9,17,1.0,0.5736629852539193,25,210.94814814814814,NORM-1026
TXN-SYN-11025,TXN-SYN-10929,MCH-2003,141056.36,177819.58,0.0,43.46666666666667,RTGS,0,27,18,22,12,1.0,0.9491223547608446,33,172.86014492753625,MCH-2031
TXN-SYN-10070,TXN-SYN-11946,NORM-1024,9732.46,11515.63,0.0,182.51666666666668,UPI,0,9,13,9,12,1.0,0.4641595020834432,20,148.7296296296296,NORM-1077
TXN-SYN-11613,TXN-SYN-11614,MULE-3029,76292.27,73357.15,2935.12000000001,3.3666666666666667,IMPS,1,5,1,5,1,0.33770331463893016,0.26124186642800123,6,500.15416666666664,MULE-3030
TXN-SYN-10128,TXN-SYN-10325,NORM-1082,4032.42,7678.3,0.0,142.53333333333333,UPI,0,13,19,9,18,1.0,0.7073082378078357,24,119.71666666666667,NORM-1003
TXN-SYN-11466,TXN-SYN-11411,MCH-2012,27507.87,237231.58,0.0,25.05,RTGS,0,31,9,21,8,0.8166960909487291,0.8869889803938478,28,297.4005555555556,MCH-2005
TXN-SYN-10633,TXN-SYN-10672,NORM-1109,7185.96,9294.47,0.0,15.883333333333333,UPI,0,10,15,9,14,1.0,0.5436489718993887,22,133.28611111111113,NORM-1069
TXN-SYN-11493,TXN-SYN-10829,MCH-2009,90643.45,64420.68,26222.769999999997,74.2,RTGS,0,27,11,20,10,0.6228123125366313,0.8066227977074931,28,210.48333333333332,MCH-2020
TXN-SYN-11077,TXN-SYN-11010,MCH-2018,223317.87,185414.41,37903.45999999999,271.3,RTGS,0,22,7,19,5,0.8577441564033355,0.6701974000962927,23,479.6236842105262,MCH-2003
TXN-SYN-10085,TXN-SYN-11866,NORM-1085,5750.57,9375.95,0.0,359.05,UPI,0,16,13,14,12,1.0,0.6583220355014661,24,212.5033333333333,NORM-1039
TXN-SYN-10300,TXN-SYN-11200,NORM-1083,7998.27,30629.41,0.0,43.6,NEFT,0,13,14,13,12,1.0,0.572583162991806,25,144.47083333333333,MCH-2005
TXN-SYN-11733,TXN-SYN-10155,NORM-1029,2761.75,11247.65,0.0,52.13333333333333,UPI,0,12,14,11,12,1.0,0.592476310442395,22,328.7111111111111,NORM-1069
TXN-SYN-10118,TXN-SYN-10029,NORM-1027,5871.33,7703.89,0.0,210.88333333333333,UPI,0,12,16,11,16,1.0,0.7153146887884357,26,83.9763888888889,NORM-1052
TXN-SYN-10796,TXN-SYN-11383,MCH-2013,120083.96,214525.7,0.0,645.9333333333333,RTGS,0,26,8,21,7,0.7886574067900582,0.8154129027100487,28,320.3467948717949,MCH-2026
TXN-SYN-10291,TXN-SYN-10135,NORM-1090,16149.33,11793.55,4355.780000000001,85.43333333333334,UPI,0,11,27,9,22,1.0,0.8457600712219008,31,79.46363636363637,NORM-1029
TXN-SYN-10898,TXN-SYN-10746,MCH-2021,7938.72,69656.7,0.0,343.0833333333333,RTGS,0,26,6,22,6,0.6936701868421437,0.6126225776945822,28,296.9126666666667,MCH-2008
TXN-SYN-11913,TXN-SYN-10771,NORM-1034,5086.02,29982.65,0.0,1030.85,NEFT,0,5,8,5,8,1.0,0.3258780603292204,12,512.99,MCH-2020
TXN-SYN-11584,TXN-SYN-11585,E889,93347.55,90265.79,3081.7600000000093,3.8,IMPS,1,4,1,4,1,0.4237243270322347,0.2849183234139547,5,392.74444444444447,MULE-3001
TXN-SYN-10672,TXN-SYN-10030,NORM-1069,9294.47,11672.73,0.0,33.833333333333336,UPI,0,15,15,15,15,1.0,0.6611813106082868,26,221.37380952380954,NORM-1053
TXN-SYN-11167,TXN-SYN-11265,MCH-2033,17683.6,191539.46,0.0,31.466666666666665,RTGS,0,21,7,17,6,0.9203997543136714,0.6931407942238267,22,377.7255555555556,MCH-2031
TXN-SYN-11411,TXN-SYN-11509,MCH-2005,237231.58,64711.38,172520.19999999998,4.05,NEFT,0,30,11,26,4,0.5749206075508325,0.8868753267198232,29,196.39259259259256,MCH-2012
TXN-SYN-11585,TXN-SYN-11586,MULE-3001,90265.79,88115.11,2150.679999999993,1.8,IMPS,1,2,1,2,1,0.6402322256672096,0.2311445937847787,3,390.26666666666665,MULE-3002
TXN-SYN-10072,TXN-SYN-10383,NORM-1073,7734.66,14454.78,0.0,95.46666666666667,UPI,0,14,20,14,19,1.0,0.7206443408223824,30,128.97976190476194,NORM-1078
TXN-SYN-11024,TXN-SYN-11516,MCH-2006,175002.4,110684.08,64318.31999999999,13.25,NEFT,0,21,16,17,11,1.0,0.8198386173532507,27,121.12416666666665,MCH-2013
TXN-SYN-11586,TXN-SYN-11587,MULE-3002,88115.11,85290.66,2824.449999999997,4.716666666666667,IMPS,1,2,1,2,1,0.6193277111389028,0.24969943586423748,3,362.7916666666667,MULE-3003
TXN-SYN-11509,TXN-SYN-11324,MCH-2012,64711.38,109953.32,0.0,390.43333333333334,RTGS,0,31,9,21,8,0.8166960909487291,0.8869889803938478,28,297.4005555555556,MCH-2027
TXN-SYN-10748,TXN-SYN-10930,MCH-2007,58123.75,142707.3,0.0,245.45,RTGS,0,21,14,21,8,1.0,0.6929168499780026,28,283.69629629629634,MCH-2035
TXN-SYN-11243,TXN-SYN-11073,MCH-2010,921.22,154962.03,0.0,486.95,RTGS,0,31,9,26,9,0.5815589894687686,0.8669371831766024,33,661.4083333333333,MCH-2006
TXN-SYN-10765,TXN-SYN-11010,MCH-2018,33088.38,185414.41,0.0,247.33333333333334,RTGS,0,22,7,19,5,0.8577441564033355,0.6701974000962927,23,479.6236842105262,MCH-2003
TXN-SYN-10929,TXN-SYN-10920,MCH-2031,177819.58,144121.63,33697.94999999998,909.9666666666667,RTGS,0,25,7,22,7,0.6879843239693775,0.6797984208849182,25,399.8557971014493,MCH-2029
TXN-SYN-10555,TXN-SYN-10515,NORM-1098,930.63,1137.58,0.0,19.5,UPI,0,17,19,16,18,1.0,0.7825708902951548,29,80.35588235294118,NORM-1023
TXN-SYN-11878,TXN-SYN-10029,NORM-1027,10273.68,7703.89,2569.79,190.71666666666667,UPI,0,12,16,11,16,1.0,0.7153146887884357,26,83.9763888888889,NORM-1052
TXN-SYN-11516,TXN-SYN-11383,MCH-2013,110684.08,214525.7,0.0,622.85,RTGS,0,26,8,21,7,0.7886574067900582,0.8154129027100487,28,320.3467948717949,MCH-2026
TXN-SYN-10067,TXN-SYN-11789,NORM-1109,13945.46,10109.76,3835.699999999999,103.56666666666666,UPI,0,10,15,9,14,1.0,0.5436489718993887,22,133.28611111111113,NORM-1087
TXN-SYN-11331,TXN-SYN-11121,MCH-2015,8931.23,133366.19,0.0,48.666666666666664,RTGS,0,25,13,23,10,1.0,0.8303893360527371,32,116.27500000000002,MCH-2035
TXN-SYN-10583,TXN-SYN-10221,NORM-1016,4242.68,13842.81,0.0,17.916666666666668,UPI,0,15,21,14,18,0.9035014330999471,0.76905274776138,30,104.32142857142856,NORM-1022
TXN-SYN-10158,TXN-SYN-11132,NORM-1106,2755.0,28412.26,0.0,92.51666666666667,NEFT,0,11,15,10,15,1.0,0.6706888892073547,25,101.08484848484846,MCH-2019
TXN-SYN-10922,TXN-SYN-11047,MCH-2016,9188.1,232365.16,0.0,395.35,RTGS,0,28,4,26,4,0.6234034653990607,0.6765129048360102,29,400.08750000000003,MCH-2014
TXN-SYN-10426,TXN-SYN-11132,NORM-1106,14043.02,28412.26,0.0,91.05,NEFT,0,11,15,10,15,1.0,0.6706888892073547,25,101.08484848484846,MCH-2019
TXN-SYN-11497,TXN-SYN-10829,MCH-2009,60046.73,64420.68,0.0,28.6,RTGS,0,27,11,20,10,0.6228123125366313,0.8066227977074931,28,210.48333333333332,MCH-2020
TXN-SYN-11265,TXN-SYN-10920,MCH-2031,191539.46,144121.63,47417.82999999999,891.5,RTGS,0,25,7,22,7,0.6879843239693775,0.6797984208849182,25,399.8557971014493,MCH-2029
TXN-SYN-11370,TXN-SYN-11487,MCH-2017,172365.22,166047.33,6317.890000000014,142.65,RTGS,0,16,10,15,7,1.0,0.618425921031767,22,182.76444444444445,MCH-2005
TXN-SYN-11748,TXN-SYN-10667,NORM-1072,5278.84,12442.73,0.0,14.15,UPI,0,15,19,14,18,1.0,0.7515703768290362,31,165.275,NORM-1022
TXN-SYN-10398,TXN-SYN-10402,NORM-1022,4096.78,4627.76,0.0,0.5,UPI,0,12,16,12,14,1.0,0.6766826438957587,26,226.41363636363633,NORM-1029
TXN-SYN-10515,TXN-SYN-10140,NORM-1023,1137.58,13641.41,0.0,81.78333333333333,UPI,0,14,19,13,17,1.0,0.7514374086794816,29,80.57083333333334,NORM-1075
TXN-SYN-10030,TXN-SYN-11409,NORM-1053,11672.73,27126.91,0.0,144.48333333333332,NEFT,0,6,10,6,10,1.0,0.38134330828561025,15,425.9194444444444,MCH-2003
TXN-SYN-11182,TXN-SYN-11042,MCH-2029,213663.34,241213.56,0.0,1368.65,RTGS,0,26,4,25,4,0.4768410431001316,0.6276223573030835,28,525.5410256410257,MCH-2019
TXN-SYN-10402,TXN-SYN-10155,NORM-1029,4627.76,11247.65,0.0,11.766666666666667,UPI,0,12,14,11,12,1.0,0.592476310442395,22,328.7111111111111,NORM-1069
TXN-SYN-10512,TXN-SYN-11910,NORM-1091,7057.21,7807.29,0.0,926.0166666666667,UPI,0,10,11,10,11,1.0,0.4695360536612633,20,670.9875,NORM-1072
TXN-SYN-11200,TXN-SYN-11510,MCH-2005,30629.41,108095.25,0.0,446.1166666666667,NEFT,0,30,11,26,4,0.5749206075508325,0.8868753267198232,29,196.39259259259256,MCH-2012
TXN-SYN-10649,TXN-SYN-11537,NORM-1004,16863.59,17116.02,0.0,269.31666666666666,UPI,0,15,21,13,19,0.8860930506436103,0.7538740751081949,32,238.8311111111111,NORM-1084
TXN-SYN-10343,TXN-SYN-11946,NORM-1024,9250.82,11515.63,0.0,115.65,UPI,0,9,13,9,12,1.0,0.4641595020834432,20,148.7296296296296,NORM-1077
TXN-SYN-11146,TXN-SYN-11303,MCH-2028,29488.67,115733.66,0.0,624.65,RTGS,0,28,3,26,3,0.18395959630467112,0.6815808277909086,29,636.2574074074074,MCH-2032
TXN-SYN-10221,TXN-SYN-10711,NORM-1022,13842.81,33507.75,0.0,106.68333333333334,NEFT,0,12,16,12,14,1.0,0.6766826438957587,26,226.41363636363633,MCH-2035
TXN-SYN-10155,TXN-SYN-10873,NORM-1069,11247.65,13169.26,0.0,556.2833333333333,NEFT,0,15,15,15,15,1.0,0.6611813106082868,26,221.37380952380954,MCH-2027
TXN-SYN-10721,TXN-SYN-11383,MCH-2013,83401.57,214525.7,0.0,594.2,RTGS,0,26,8,21,7,0.7886574067900582,0.8154129027100487,28,320.3467948717949,MCH-2026
TXN-SYN-10667,TXN-SYN-10711,NORM-1022,12442.73,33507.75,0.0,104.21666666666667,NEFT,0,12,16,12,14,1.0,0.6766826438957587,26,226.41363636363633,MCH-2035
TXN-SYN-10497,TXN-SYN-10135,NORM-1090,14754.77,11793.55,2961.220000000001,31.466666666666665,UPI,0,11,27,9,22,1.0,0.8457600712219008,31,79.46363636363637,NORM-1029
TXN-SYN-10529,TXN-SYN-11132,NORM-1106,2246.75,28412.26,0.0,72.01666666666667,NEFT,0,11,15,10,15,1.0,0.6706888892073547,25,101.08484848484846,MCH-2019
TXN-SYN-10882,TXN-SYN-11495,MCH-2002,3130.52,106730.2,0.0,86.18333333333334,NEFT,0,20,9,17,5,1.0,0.7362430448304313,21,240.65588235294115,MCH-2009
TXN-SYN-10333,TXN-SYN-10064,NORM-1002,5895.56,11043.88,0.0,156.78333333333333,UPI,0,14,16,14,15,0.975663309338928,0.702297422958623,26,109.75119047619049,NORM-1019
TXN-SYN-11242,TXN-SYN-11324,MCH-2012,122825.59,109953.32,12872.26999999999,343.6666666666667,RTGS,0,31,9,21,8,0.8166960909487291,0.8869889803938478,28,297.4005555555556,MCH-2027
TXN-SYN-10597,TXN-SYN-11214,NORM-1079,10614.94,5370.5,5244.4400000000005,292.25,NEFT,0,12,22,12,20,1.0,0.7325218140687279,30,175.80454545454543,MCH-2029
TXN-SYN-10469,TXN-SYN-10775,NORM-1026,1732.27,24661.55,0.0,161.7,NEFT,0,9,18,9,16,1.0,0.5876449463743758,25,162.84166666666664,MCH-2003
TXN-SYN-10598,TXN-SYN-11374,NORM-1005,3791.64,19101.85,0.0,165.53333333333333,NEFT,0,14,17,13,17,1.0,0.6878995025672952,28,126.5845238095238,MCH-2016
TXN-SYN-11215,TXN-SYN-11121,MCH-2015,75826.31,133366.19,0.0,11.7,RTGS,0,25,13,23,10,1.0,0.8303893360527371,32,116.27500000000002,MCH-2035
TXN-SYN-10271,TXN-SYN-10237,NORM-1095,14083.86,7424.03,6659.830000000001,69.56666666666666,UPI,0,12,19,11,18,1.0,0.6891824295533282,26,98.3263888888889,NORM-1098
TXN-SYN-10829,TXN-SYN-11473,MCH-2020,64420.68,224465.79,0.0,495.1333333333333,RTGS,0,27,3,26,2,0.85700691569958,0.7083035474202667,28,262.7933333333333,MCH-2030
TXN-SYN-10665,TXN-SYN-10064,NORM-1002,6964.21,11043.88,0.0,147.48333333333332,UPI,0,14,16,14,15,0.975663309338928,0.702297422958623,26,109.75119047619049,NORM-1019
TXN-SYN-11097,TXN-SYN-11510,MCH-2005,34029.55,108095.25,0.0,416.26666666666665,NEFT,0,30,11,26,4,0.5749206075508325,0.8868753267198232,29,196.39259259259256,MCH-2012
TXN-SYN-10369,TXN-SYN-11917,NORM-1016,17743.55,4775.86,12967.689999999999,123.6,UPI,0,15,21,14,18,0.9035014330999471,0.76905274776138,30,104.32142857142856,NORM-1015
TXN-SYN-10428,TXN-SYN-10461,NORM-1021,7592.7,6621.77,970.9299999999994,205.78333333333333,UPI,0,8,12,7,12,1.0,0.4459391664653747,17,240.21875,NORM-1083
TXN-SYN-10243,TXN-SYN-10682,NORM-1087,7519.1,17687.65,0.0,133.46666666666667,UPI,0,12,18,12,17,1.0,0.6455662153680625,29,188.75694444444446,NORM-1078
TXN-SYN-10660,TXN-SYN-10610,NORM-1029,2393.23,11871.93,0.0,652.2666666666667,UPI,0,12,14,11,12,1.0,0.592476310442395,22,328.7111111111111,NORM-1066
TXN-SYN-11306,TXN-SYN-11383,MCH-2013,25462.59,214525.7,0.0,561.9166666666666,RTGS,0,26,8,21,7,0.7886574067900582,0.8154129027100487,28,320.3467948717949,MCH-2026
TXN-SYN-10763,TXN-SYN-11153,MCH-2033,12509.51,118167.19,0.0,419.8666666666667,RTGS,0,21,7,17,6,0.9203997543136714,0.6931407942238267,22,377.7255555555556,MCH-2023
TXN-SYN-11440,TXN-SYN-11156,MCH-2034,3639.56,206350.41,0.0,228.83333333333334,RTGS,0,23,9,22,9,1.0,0.7372752814381989,28,228.65606060606058,MCH-2018
TXN-SYN-10135,TXN-SYN-10610,NORM-1029,11793.55,11871.93,0.0,646.65,UPI,0,12,14,11,12,1.0,0.592476310442395,22,328.7111111111111,NORM-1066
TXN-SYN-11775,TXN-SYN-10119,NORM-1089,7696.01,8878.52,0.0,17.3,UPI,0,9,17,9,17,1.0,0.5654222544400145,26,116.15208333333334,NORM-1010
TXN-SYN-10152,TXN-SYN-11917,NORM-1016,12732.57,4775.86,7956.71,100.81666666666666,UPI,0,15,21,14,18,0.9035014330999471,0.76905274776138,30,104.32142857142856,NORM-1015
TXN-SYN-10368,TXN-SYN-10457,NORM-1097,15763.42,8673.36,7090.0599999999995,29.833333333333332,UPI,0,9,17,9,17,1.0,0.5736629852539193,25,210.94814814814814,NORM-1003
TXN-SYN-10678,TXN-SYN-10148,NORM-1006,17200.06,15453.15,1746.9100000000017,39.8,UPI,0,15,19,15,18,0.897668609769335,0.7273461965855137,31,154.69285714285712,NORM-1071
TXN-SYN-11839,TXN-SYN-10610,NORM-1029,4472.43,11871.93,0.0,633.5,UPI,0,12,14,11,12,1.0,0.592476310442395,22,328.7111111111111,NORM-1066
TXN-SYN-11619,TXN-SYN-11620,M901,163970.06,45654.05,118316.01,35.916666666666664,IMPS,1,1,4,1,3,0.9919029730183669,4.645161290322581,4,35.916666666666664,D334
TXN-SYN-11781,TXN-SYN-10771,NORM-1034,11930.38,29982.65,0.0,931.8666666666667,NEFT,0,5,8,5,8,1.0,0.3258780603292204,12,512.99,MCH-2020
TXN-SYN-10383,TXN-SYN-10567,NORM-1078,14454.78,4543.48,9911.300000000001,205.53333333333333,UPI,0,8,16,8,16,1.0,0.5277044854881267,24,135.77142857142854,NORM-1030
TXN-SYN-11757,TXN-SYN-10051,NORM-1013,2118.68,4612.61,0.0,121.83333333333333,UPI,0,12,14,11,13,0.8074267314554087,0.5945650654910879,24,167.3,NORM-1089
TXN-SYN-10656,TXN-SYN-10938,NORM-1007,6185.05,21431.41,0.0,177.56666666666666,NEFT,0,9,20,8,20,0.8968319384104775,0.6135510146511751,25,210.9888888888889,MCH-2023
TXN-SYN-11426,TXN-SYN-10849,MCH-2032,10455.58,224004.27,0.0,278.56666666666666,RTGS,0,19,7,19,7,0.656855049932113,0.5553445984431366,25,205.62051282051283,MCH-2029
TXN-SYN-10407,TXN-SYN-11483,NORM-1066,14396.43,4485.52,9910.91,225.73333333333332,NEFT,0,9,12,7,11,1.0,0.4985524832002321,18,197.34259259259258,MCH-2029
TXN-SYN-10549,TXN-SYN-10355,NORM-1086,10131.98,5073.21,5058.7699999999995,88.8,UPI,0,13,18,11,18,1.0,0.6788981896048277,26,144.0111111111111,NORM-1024
TXN-SYN-11450,TXN-SYN-11153,MCH-2033,1965.79,118167.19,0.0,393.98333333333335,RTGS,0,21,7,17,6,0.9203997543136714,0.6931407942238267,22,377.7255555555556,MCH-2023
TXN-SYN-10119,TXN-SYN-10293,NORM-1010,8878.52,7059.06,1819.46,13.25,UPI,0,18,17,16,16,0.4961328133372379,0.7617942067364373,27,194.57592592592593,NORM-1073
TXN-SYN-11390,TXN-SYN-11489,MCH-2001,66995.67,37906.66,29089.009999999995,137.26666666666668,NEFT,0,18,10,18,7,1.0,0.43642598293262674,25,211.29509803921567,MCH-2008
TXN-SYN-11777,TXN-SYN-10908,NORM-1052,11936.73,28332.05,0.0,126.2,NEFT,0,3,8,3,8,1.0,0.24266787592072847,11,150.55555555555557,MCH-2016
TXN-SYN-11078,TXN-SYN-11495,MCH-2002,21846.07,106730.2,0.0,28.166666666666668,NEFT,0,20,9,17,5,1.0,0.7362430448304313,21,240.65588235294115,MCH-2009
TXN-SYN-10866,TXN-SYN-10743,MCH-2025,19015.7,234022.45,0.0,368.1666666666667,RTGS,0,26,6,24,6,1.0,0.5005866249511146,30,280.2953703703704,MCH-2004
TXN-SYN-11843,TXN-SYN-10020,NORM-1036,11672.67,5714.32,5958.35,709.5,UPI,0,6,5,6,5,0.24972184701876418,0.2738343025869044,11,514.7194444444444,NORM-1045
TXN-SYN-11049,TXN-SYN-11021,MCH-2008,9420.32,116759.76,0.0,576.2666666666667,RTGS,0,39,3,34,3,0.2427401117423724,0.9007989228541982,37,628.5277777777779,MCH-2028
TXN-SYN-10140,TXN-SYN-11302,NORM-1075,13641.41,4613.44,9027.970000000001,16.25,NEFT,0,11,23,11,21,1.0,0.7340021708234137,29,114.11000000000001,MCH-2023
TXN-SYN-10325,TXN-SYN-11534,NORM-1003,7678.3,18014.99,0.0,187.7,UPI,0,11,12,11,12,0.7831577148973093,0.5000996575404519,22,259.80833333333334,NORM-1026
TXN-SYN-10293,TXN-SYN-11760,NORM-1073,7059.06,3168.27,3890.7900000000004,44.68333333333333,UPI,0,14,20,14,19,1.0,0.7206443408223824,30,128.97976190476194,NORM-1003
TXN-SYN-10457,TXN-SYN-11534,NORM-1003,8673.36,18014.99,0.0,184.51666666666668,UPI,0,11,12,11,12,0.7831577148973093,0.5000996575404519,22,259.80833333333334,NORM-1026
TXN-SYN-11789,TXN-SYN-10682,NORM-1087,10109.76,17687.65,0.0,81.01666666666667,UPI,0,12,18,12,17,1.0,0.6455662153680625,29,188.75694444444446,NORM-1078
TXN-SYN-11004,TXN-SYN-11021,MCH-2008,7150.73,116759.76,0.0,566.3333333333334,RTGS,0,39,3,34,3,0.2427401117423724,0.9007989228541982,37,628.5277777777779,MCH-2028
TXN-SYN-10237,TXN-SYN-10827,NORM-1098,7424.03,18003.15,0.0,49.266666666666666,NEFT,0,17,19,16,18,1.0,0.7825708902951548,29,80.35588235294118,MCH-2018
TXN-SYN-11504,TXN-SYN-11255,MCH-2011,89187.22,100897.15,0.0,786.35,RTGS,0,29,7,23,6,0.8184959097255264,0.802213515069358,28,293.1798850574713,MCH-2005
TXN-SYN-10591,TXN-SYN-11374,NORM-1005,16817.98,19101.85,0.0,90.25,NEFT,0,14,17,13,17,1.0,0.6878995025672952,28,126.5845238095238,MCH-2016
TXN-SYN-11302,TXN-SYN-11261,MCH-2023,4613.44,113527.45,0.0,529.2666666666667,RTGS,0,35,8,31,6,0.6193581742780404,0.9352457134571466,36,554.3409523809524,MCH-2014
TXN-SYN-11979,TXN-SYN-11977,NORM-1010,5081.72,9603.52,0.0,46.53333333333333,UPI,0,18,17,16,16,0.4961328133372379,0.7617942067364373,27,194.57592592592593,NORM-1059
TXN-SYN-10148,TXN-SYN-10785,NORM-1071,15453.15,5664.02,9789.13,128.08333333333334,NEFT,0,13,20,13,18,1.0,0.7230235530399854,30,223.20256410256408,MCH-2016
TXN-SYN-11495,TXN-SYN-10781,MCH-2009,106730.2,183299.58,0.0,40.333333333333336,RTGS,0,27,11,20,10,0.6228123125366313,0.8066227977074931,28,210.48333333333332,MCH-2032
TXN-SYN-11005,TXN-SYN-11373,MCH-2027,22464.27,98445.87,0.0,29.75,RTGS,0,26,3,24,3,0.300921650687241,0.4783220243467743,27,475.5785714285714,MCH-2034
TXN-SYN-10813,TXN-SYN-10800,MCH-2022,31122.27,156823.92,0.0,177.53333333333333,RTGS,0,14,8,12,7,1.0,0.5007587253414264,17,233.9969696969697,MCH-2013
TXN-SYN-10557,TXN-SYN-11374,NORM-1005,17034.41,19101.85,0.0,77.56666666666666,NEFT,0,14,17,13,17,1.0,0.6878995025672952,28,126.5845238095238,MCH-2016
TXN-SYN-10808,TXN-SYN-11156,MCH-2034,13317.69,206350.41,0.0,163.5,RTGS,0,23,9,22,9,1.0,0.7372752814381989,28,228.65606060606058,MCH-2018
TXN-SYN-11972,TXN-SYN-10610,NORM-1029,6824.79,11871.93,0.0,580.5833333333334,UPI,0,12,14,11,12,1.0,0.592476310442395,22,328.7111111111111,NORM-1066
TXN-SYN-11131,TXN-SYN-11073,MCH-2010,15795.13,154962.03,0.0,349.7,RTGS,0,31,9,26,9,0.5815589894687686,0.8669371831766024,33,661.4083333333333,MCH-2006
TXN-SYN-11162,TXN-SYN-11383,MCH-2013,1557.12,214525.7,0.0,491.0833333333333,RTGS,0,26,8,21,7,0.7886574067900582,0.8154129027100487,28,320.3467948717949,MCH-2026
TXN-SYN-11285,TXN-SYN-11324,MCH-2012,28368.22,109953.32,0.0,246.13333333333333,RTGS,0,31,9,21,8,0.8166960909487291,0.8869889803938478,28,297.4005555555556,MCH-2027
TXN-SYN-11055,TXN-SYN-11042,MCH-2029,47707.76,241213.56,0.0,1250.7166666666667,RTGS,0,26,4,25,4,0.4768410431001316,0.6276223573030835,28,525.5410256410257,MCH-2019
TXN-SYN-11946,TXN-SYN-10406,NORM-1077,11515.63,15786.74,0.0,72.16666666666667,UPI,0,10,29,10,26,1.0,0.8427421533142455,33,72.28166666666667,NORM-1030
TXN-SYN-10981,TXN-SYN-11255,MCH-2011,3761.73,100897.15,0.0,761.4833333333333,RTGS,0,29,7,23,6,0.8184959097255264,0.802213515069358,28,293.1798850574713,MCH-2005
TXN-SYN-10828,TXN-SYN-11156,MCH-2034,229996.96,206350.41,23646.54999999999,152.26666666666668,RTGS,0,23,9,22,9,1.0,0.7372752814381989,28,228.65606060606058,MCH-2018
TXN-SYN-11202,TXN-SYN-11153,MCH-2033,33276.13,118167.19,0.0,339.8333333333333,RTGS,0,21,7,17,6,0.9203997543136714,0.6931407942238267,22,377.7255555555556,MCH-2023
TXN-SYN-11453,TXN-SYN-11094,MCH-2002,120250.31,157024.12,0.0,107.01666666666667,RTGS,0,20,9,17,5,1.0,0.7362430448304313,21,240.65588235294115,MCH-2017
TXN-SYN-11313,TXN-SYN-11487,MCH-2017,30573.99,166047.33,0.0,13.75,RTGS,0,16,10,15,7,1.0,0.618425921031767,22,182.76444444444445,MCH-2005
TXN-SYN-11760,TXN-SYN-11534,NORM-1003,3168.27,18014.99,0.0,141.48333333333332,UPI,0,11,12,11,12,0.7831577148973093,0.5000996575404519,22,259.80833333333334,NORM-1026
TXN-SYN-11373,TXN-SYN-11156,MCH-2034,98445.87,206350.41,0.0,142.76666666666668,RTGS,0,23,9,22,9,1.0,0.7372752814381989,28,228.65606060606058,MCH-2018
TXN-SYN-10387,TXN-SYN-11537,NORM-1004,14610.34,17116.02,0.0,137.66666666666666,UPI,0,15,21,13,19,0.8860930506436103,0.7538740751081949,32,238.8311111111111,NORM-1084
TXN-SYN-11023,TXN-SYN-11381,MCH-2014,17025.9,105239.16,0.0,663.95,RTGS,0,27,11,20,9,0.8008858467941137,0.8991481754127669,27,418.02160493827165,MCH-2025
TXN-SYN-10565,TXN-SYN-10051,NORM-1013,6866.5,4612.61,2253.8900000000003,50.0,UPI,0,12,14,11,13,0.8074267314554087,0.5945650654910879,24,167.3,NORM-1089
TXN-SYN-10380,TXN-SYN-10029,NORM-1027,15025.14,7703.89,7321.249999999999,30.083333333333332,UPI,0,12,16,11,16,1.0,0.7153146887884357,26,83.9763888888889,NORM-1052
TXN-SYN-11487,TXN-SYN-11510,MCH-2005,166047.33,108095.25,57952.07999999999,305.93333333333334,NEFT,0,30,11,26,4,0.5749206075508325,0.8868753267198232,29,196.39259259259256,MCH-2012
TXN-SYN-10781,TXN-SYN-10849,MCH-2032,183299.58,224004.27,0.0,205.21666666666667,RTGS,0,19,7,19,7,0.656855049932113,0.5553445984431366,25,205.62051282051283,MCH-2029
TXN-SYN-10827,TXN-SYN-11010,MCH-2018,18003.15,185414.41,0.0,81.4,RTGS,0,22,7,19,5,0.8577441564033355,0.6701974000962927,23,479.6236842105262,MCH-2003
TXN-SYN-11409,TXN-SYN-11500,MCH-2003,27126.91,117374.18,0.0,410.4166666666667,NEFT,0,27,18,22,12,1.0,0.9491223547608446,33,172.86014492753625,MCH-2010
TXN-SYN-11977,TXN-SYN-11218,NORM-1059,9603.52,14682.6,0.0,361.43333333333334,NEFT,0,5,4,5,4,0.9374211435005428,0.36117582797329084,9,170.17916666666667,MCH-2002
TXN-SYN-10724,TXN-SYN-11324,MCH-2012,761.88,109953.32,0.0,213.85,RTGS,0,31,9,21,8,0.8166960909487291,0.8869889803938478,28,297.4005555555556,MCH-2027
TXN-SYN-11923,TXN-SYN-11244,NORM-1063,4288.66,19065.19,0.0,314.71666666666664,NEFT,0,5,8,5,8,1.0,0.38881411694332285,13,226.68333333333334,MCH-2028
TXN-SYN-10139,TXN-SYN-10775,NORM-1026,12770.52,24661.55,0.0,33.833333333333336,NEFT,0,9,18,9,16,1.0,0.5876449463743758,25,162.84166666666664,MCH-2003
TXN-SYN-10257,TXN-SYN-11150,NORM-1081,1896.25,28906.01,0.0,490.3333333333333,NEFT,0,9,10,6,9,1.0,0.43156480096912797,15,231.69791666666669,MCH-2004
TXN-SYN-11037,TXN-SYN-11381,MCH-2014,26412.31,105239.16,0.0,647.4,RTGS,0,27,11,20,9,0.8008858467941137,0.8991481754127669,27,418.02160493827165,MCH-2025
TXN-SYN-11686,TXN-SYN-11687,STR-4012,258861.37,48123.32,210738.05,26.583333333333332,IMPS,1,1,3,1,3,0.5348101572668027,4.853387259858443,4,26.583333333333332,MULE-3014
TXN-SYN-11917,TXN-SYN-10889,NORM-1015,4775.86,3797.29,978.5699999999997,70.01666666666667,NEFT,0,18,19,16,19,0.540306292548446,0.814519482425458,33,91.19880952380952,MCH-2023
TXN-SYN-10316,TXN-SYN-11960,NORM-1019,5201.27,9914.62,0.0,85.06666666666666,UPI,0,8,14,8,14,1.0,0.4629710818441682,20,124.86904761904762,NORM-1026
TXN-SYN-10976,TXN-SYN-11449,MCH-2026,24624.41,232185.27,0.0,1067.5333333333333,RTGS,0,19,6,19,6,0.7349821465112782,0.5605485902202956,24,297.7166666666667,MCH-2033
TXN-SYN-10355,TXN-SYN-10521,NORM-1024,5073.21,12664.43,0.0,347.1,UPI,0,9,13,9,12,1.0,0.4641595020834432,20,148.7296296296296,NORM-1007
TXN-SYN-10439,TXN-SYN-10373,NORM-1097,17491.83,8952.13,8539.700000000003,10.783333333333333,UPI,0,9,17,9,17,1.0,0.5736629852539193,25,210.94814814814814,NORM-1075
TXN-SYN-10789,TXN-SYN-11510,MCH-2005,159075.23,108095.25,50979.98000000001,279.8333333333333,NEFT,0,30,11,26,4,0.5749206075508325,0.8868753267198232,29,196.39259259259256,MCH-2012
TXN-SYN-11856,TXN-SYN-11793,NORM-1017,7053.47,5350.27,1703.1999999999998,93.23333333333333,UPI,0,14,22,14,20,1.0,0.7948774563921396,29,108.70238095238095,NORM-1060
TXN-SYN-10682,TXN-SYN-10567,NORM-1078,17687.65,4543.48,13144.170000000002,100.63333333333334,UPI,0,8,16,8,16,1.0,0.5277044854881267,24,135.77142857142854,NORM-1030
TXN-SYN-10029,TXN-SYN-10908,NORM-1052,7703.89,28332.05,0.0,28.866666666666667,NEFT,0,3,8,3,8,1.0,0.24266787592072847,11,150.55555555555557,MCH-2016
TXN-SYN-10373,TXN-SYN-10733,NORM-1075,8952.13,26586.49,0.0,155.23333333333332,NEFT,0,11,23,11,21,1.0,0.7340021708234137,29,114.11000000000001,MCH-2003
TXN-SYN-10064,TXN-SYN-11960,NORM-1019,11043.88,9914.62,1129.2599999999984,67.38333333333334,UPI,0,8,14,8,14,1.0,0.4629710818441682,20,124.86904761904762,NORM-1026
TXN-SYN-10641,TXN-SYN-10533,NORM-1027,6815.6,2930.06,3885.5400000000004,86.58333333333333,UPI,0,12,16,11,16,1.0,0.7153146887884357,26,83.9763888888889,NORM-1110
TXN-SYN-10775,TXN-SYN-11500,MCH-2003,24661.55,117374.18,0.0,372.15,NEFT,0,27,18,22,12,1.0,0.9491223547608446,33,172.86014492753625,MCH-2010
TXN-SYN-10462,TXN-SYN-10406,NORM-1077,2449.01,15786.74,0.0,5.816666666666666,UPI,0,10,29,10,26,1.0,0.8427421533142455,33,72.28166666666667,NORM-1030
TXN-SYN-11374,TXN-SYN-11047,MCH-2016,19101.85,232365.16,0.0,204.03333333333333,RTGS,0,28,4,26,4,0.6234034653990607,0.6765129048360102,29,400.08750000000003,MCH-2014
TXN-SYN-10051,TXN-SYN-10925,NORM-1089,4612.61,29526.27,0.0,167.25,NEFT,0,9,17,9,17,1.0,0.5654222544400145,26,116.15208333333334,MCH-2013
TXN-SYN-10644,TXN-SYN-10938,NORM-1007,1387.1,21431.41,0.0,55.03333333333333,NEFT,0,9,20,8,20,0.8968319384104775,0.6135510146511751,25,210.9888888888889,MCH-2023
TXN-SYN-10406,TXN-SYN-10524,NORM-1030,15786.74,10075.63,5711.110000000001,84.73333333333333,UPI,0,10,14,9,14,1.0,0.5709829630314965,23,99.05740740740741,NORM-1020
TXN-SYN-10737,TXN-SYN-10930,MCH-2007,32844.3,142707.3,0.0,23.45,RTGS,0,21,14,21,8,1.0,0.6929168499780026,28,283.69629629629634,MCH-2035
TXN-SYN-10908,TXN-SYN-11047,MCH-2016,28332.05,232365.16,0.0,190.93333333333334,RTGS,0,28,4,26,4,0.6234034653990607,0.6765129048360102,29,400.08750000000003,MCH-2014
TXN-SYN-11517,TXN-SYN-11383,MCH-2013,88894.23,214525.7,0.0,406.56666666666666,RTGS,0,26,8,21,7,0.7886574067900582,0.8154129027100487,28,320.3467948717949,MCH-2026
TXN-SYN-10780,TXN-SYN-11255,MCH-2011,30019.97,100897.15,0.0,679.65,RTGS,0,29,7,23,6,0.8184959097255264,0.802213515069358,28,293.1798850574713,MCH-2005
TXN-SYN-10187,TXN-SYN-10865,NORM-1096,14915.34,34985.17,0.0,25.233333333333334,NEFT,0,15,13,13,13,1.0,0.6187845303867403,24,164.67261904761904,MCH-2013
TXN-SYN-10722,TXN-SYN-10746,MCH-2021,34746.43,69656.7,0.0,101.48333333333333,RTGS,0,26,6,22,6,0.6936701868421437,0.6126225776945822,28,296.9126666666667,MCH-2008
TXN-SYN-10122,TXN-SYN-11531,NORM-1002,1025.91,22216.63,0.0,63.016666666666666,UPI,0,14,16,14,15,0.975663309338928,0.702297422958623,26,109.75119047619049,NORM-1088
TXN-SYN-11310,TXN-SYN-11510,MCH-2005,27498.97,108095.25,0.0,239.21666666666667,NEFT,0,30,11,26,4,0.5749206075508325,0.8868753267198232,29,196.39259259259256,MCH-2012
TXN-SYN-11489,TXN-SYN-11021,MCH-2008,37906.66,116759.76,0.0,448.05,RTGS,0,39,3,34,3,0.2427401117423724,0.9007989228541982,37,628.5277777777779,MCH-2028
TXN-SYN-11854,TXN-SYN-10500,NORM-1105,9244.59,10992.15,0.0,100.36666666666666,UPI,0,11,19,9,18,1.0,0.6783621323183026,26,86.07878787878788,NORM-1025
TXN-SYN-11954,TXN-SYN-10546,NORM-1077,11207.34,1114.36,10092.98,20.8,UPI,0,10,29,10,26,1.0,0.8427421533142455,33,72.28166666666667,NORM-1069
TXN-SYN-10191,TXN-SYN-11960,NORM-1019,17779.98,9914.62,7865.359999999999,27.916666666666668,UPI,0,8,14,8,14,1.0,0.4629710818441682,20,124.86904761904762,NORM-1026
TXN-SYN-10022,TXN-SYN-11190,NORM-1047,6058.4,22661.41,0.0,222.61666666666667,NEFT,0,4,10,4,9,1.0,0.3521618826686045,13,206.91666666666669,MCH-2002
TXN-SYN-10154,TXN-SYN-10546,NORM-1077,14673.3,1114.36,13558.939999999999,13.266666666666667,UPI,0,10,29,10,26,1.0,0.8427421533142455,33,72.28166666666667,NORM-1069
TXN-SYN-11747,TXN-SYN-11341,NORM-1051,9564.23,30531.9,0.0,186.01666666666668,NEFT,0,4,8,4,8,1.0,0.2660606396541212,12,186.01666666666668,MCH-2007
TXN-SYN-11391,TXN-SYN-11500,MCH-2003,11862.83,117374.18,0.0,333.21666666666664,NEFT,0,27,18,22,12,1.0,0.9491223547608446,33,172.86014492753625,MCH-2010
TXN-SYN-10123,TXN-SYN-11537,NORM-1004,11456.77,17116.02,0.0,48.916666666666664,UPI,0,15,21,13,19,0.8860930506436103,0.7538740751081949,32,238.8311111111111,NORM-1084
TXN-SYN-11010,TXN-SYN-11500,MCH-2003,185414.41,117374.18,68040.23000000001,329.6666666666667,NEFT,0,27,18,22,12,1.0,0.9491223547608446,33,172.86014492753625,MCH-2010
TXN-SYN-10889,TXN-SYN-11261,MCH-2023,3797.29,113527.45,0.0,400.9166666666667,RTGS,0,35,8,31,6,0.6193581742780404,0.9352457134571466,36,554.3409523809524,MCH-2014
TXN-SYN-10785,TXN-SYN-11047,MCH-2016,5664.02,232365.16,0.0,163.91666666666666,RTGS,0,28,4,26,4,0.6234034653990607,0.6765129048360102,29,400.08750000000003,MCH-2014
TXN-SYN-11013,TXN-SYN-11500,MCH-2003,12487.18,117374.18,0.0,326.48333333333335,NEFT,0,27,18,22,12,1.0,0.9491223547608446,33,172.86014492753625,MCH-2010
TXN-SYN-10865,TXN-SYN-11383,MCH-2013,34985.17,214525.7,0.0,378.2,RTGS,0,26,8,21,7,0.7886574067900582,0.8154129027100487,28,320.3467948717949,MCH-2026
TXN-SYN-10546,TXN-SYN-10873,NORM-1069,1114.36,13169.26,0.0,335.98333333333335,NEFT,0,15,15,15,15,1.0,0.6611813106082868,26,221.37380952380954,MCH-2027
TXN-SYN-11403,TXN-SYN-10965,MCH-2030,15768.3,173657.96,0.0,580.7333333333333,RTGS,0,20,4,20,4,0.4328675652225954,0.6275330108510917,23,272.29912280701757,MCH-2032
TXN-SYN-10989,TXN-SYN-11473,MCH-2020,19475.54,224465.79,0.0,286.51666666666665,RTGS,0,27,3,26,2,0.85700691569958,0.7083035474202667,28,262.7933333333333,MCH-2030
TXN-SYN-11094,TXN-SYN-11122,MCH-2017,157024.12,94007.28,63016.84,29.166666666666668,RTGS,0,16,10,15,7,1.0,0.618425921031767,22,182.76444444444445,MCH-2028
TXN-SYN-11186,TXN-SYN-11324,MCH-2012,1746.07,109953.32,0.0,122.98333333333333,RTGS,0,31,9,21,8,0.8166960909487291,0.8869889803938478,28,297.4005555555556,MCH-2027
TXN-SYN-10461,TXN-SYN-10592,NORM-1083,6621.77,10564.35,0.0,31.1,UPI,0,13,14,13,12,1.0,0.572583162991806,25,144.47083333333333,NORM-1070
TXN-SYN-11960,TXN-SYN-10625,NORM-1026,9914.62,2959.79,6954.830000000001,237.0,UPI,0,9,18,9,16,1.0,0.5876449463743758,25,162.84166666666664,NORM-1024
TXN-SYN-10732,TXN-SYN-11303,MCH-2028,26843.34,115733.66,0.0,386.73333333333335,RTGS,0,28,3,26,3,0.18395959630467112,0.6815808277909086,29,636.2574074074074,MCH-2032
TXN-SYN-10938,TXN-SYN-11261,MCH-2023,21431.41,113527.45,0.0,382.0,RTGS,0,35,8,31,6,0.6193581742780404,0.9352457134571466,36,554.3409523809524,MCH-2014
TXN-SYN-10723,TXN-SYN-11122,MCH-2017,11061.46,94007.28,0.0,17.45,RTGS,0,16,10,15,7,1.0,0.618425921031767,22,182.76444444444445,MCH-2028
TXN-SYN-11377,TXN-SYN-10920,MCH-2031,6287.64,144121.63,0.0,640.7333333333333,RTGS,0,25,7,22,7,0.6879843239693775,0.6797984208849182,25,399.8557971014493,MCH-2029
TXN-SYN-10239,TXN-SYN-11866,NORM-1085,9593.19,9375.95,217.23999999999978,63.43333333333333,UPI,0,16,13,14,12,1.0,0.6583220355014661,24,212.5033333333333,NORM-1039
TXN-SYN-10914,TXN-SYN-11510,MCH-2005,3522.85,108095.25,0.0,191.01666666666668,NEFT,0,30,11,26,4,0.5749206075508325,0.8868753267198232,29,196.39259259259256,MCH-2012
TXN-SYN-10384,TXN-SYN-11555,NORM-1010,14175.66,24300.35,0.0,14.5,UPI,0,18,17,16,16,0.4961328133372379,0.7617942067364373,27,194.57592592592593,NORM-1069
TXN-SYN-11513,TXN-SYN-11383,MCH-2013,108511.26,214525.7,0.0,349.53333333333336,RTGS,0,26,8,21,7,0.7886574067900582,0.8154129027100487,28,320.3467948717949,MCH-2026
TXN-SYN-10315,TXN-SYN-11564,NORM-1013,7807.52,26772.27,0.0,13.633333333333333,UPI,0,12,14,11,13,0.8074267314554087,0.5945650654910879,24,167.3,NORM-1103
TXN-SYN-10685,TXN-SYN-10078,NORM-1095,9638.26,12323.51,0.0,199.01666666666668,UPI,0,12,19,11,18,1.0,0.6891824295533282,26,98.3263888888889,NORM-1084
TXN-SYN-11793,TXN-SYN-11093,NORM-1060,5350.27,16137.06,0.0,186.25,NEFT,0,5,11,5,9,1.0,0.2731825770223099,14,175.31333333333333,MCH-2027
TXN-SYN-11122,TXN-SYN-11303,MCH-2028,94007.28,115733.66,0.0,367.5833333333333,RTGS,0,28,3,26,3,0.18395959630467112,0.6815808277909086,29,636.2574074074074,MCH-2032
TXN-SYN-11361,TXN-SYN-11510,MCH-2005,132248.07,108095.25,24152.820000000007,182.88333333333333,NEFT,0,30,11,26,4,0.5749206075508325,0.8868753267198232,29,196.39259259259256,MCH-2012
TXN-SYN-10533,TXN-SYN-11649,NORM-1110,2930.06,273509.04,0.0,214.53333333333333,NEFT,0,5,19,5,15,1.0,0.5426181324892607,20,58.83333333333333,STR-4005
TXN-SYN-11157,TXN-SYN-11381,MCH-2014,4607.76,105239.16,0.0,532.65,RTGS,0,27,11,20,9,0.8008858467941137,0.8991481754127669,27,418.02160493827165,MCH-2025
TXN-SYN-11792,TXN-SYN-11558,NORM-1011,3682.3,19547.12,0.0,1.2166666666666666,UPI,0,14,16,14,15,0.6038315617227421,0.6408126453695353,29,110.81153846153846,NORM-1081
TXN-SYN-10447,TXN-SYN-10924,NORM-1094,5363.07,8748.4,0.0,201.61666666666667,NEFT,0,12,12,12,11,1.0,0.5460647314233708,23,169.33181818181816,MCH-2029
TXN-SYN-10567,TXN-SYN-10524,NORM-1030,4543.48,10075.63,0.0,5.466666666666667,UPI,0,10,14,9,14,1.0,0.5709829630314965,23,99.05740740740741,NORM-1020
TXN-SYN-11528,TXN-SYN-11787,NORM-1031,27032.56,5480.62,21551.940000000002,1146.8666666666666,UPI,0,5,9,5,9,1.0,0.343551256620519,14,594.5733333333333,NORM-1054
TXN-SYN-11531,TXN-SYN-10959,NORM-1088,22216.63,9391.96,12824.670000000002,2.433333333333333,NEFT,0,11,21,10,21,1.0,0.7038424175031923,28,80.69074074074074,MCH-2017
TXN-SYN-11534,TXN-SYN-10625,NORM-1026,18014.99,2959.79,15055.2,208.0,UPI,0,9,18,9,16,1.0,0.5876449463743758,25,162.84166666666664,NORM-1024
TXN-SYN-11537,TXN-SYN-10080,NORM-1084,17116.02,752.85,16363.17,116.35,UPI,0,8,20,8,18,1.0,0.6254343293954134,25,124.0,NORM-1081
TXN-SYN-11540,TXN-SYN-11190,NORM-1047,20318.41,22661.41,0.0,167.45,NEFT,0,4,10,4,9,1.0,0.3521618826686045,13,206.91666666666669,MCH-2002
TXN-SYN-11543,TXN-SYN-11408,NORM-1064,11553.89,34742.7,0.0,334.55,NEFT,0,5,9,5,9,1.0,0.30966029528321015,14,188.72666666666666,MCH-2025
TXN-SYN-11546,TXN-SYN-10739,NORM-1055,16495.54,22586.81,0.0,256.5,NEFT,0,4,11,4,11,1.0,0.36683785766691124,15,179.69444444444446,MCH-2024
TXN-SYN-11549,TXN-SYN-11359,NORM-1035,11128.76,22755.94,0.0,49.43333333333333,NEFT,0,2,10,2,8,1.0,0.2766942720442711,10,207.00833333333333,MCH-2008
TXN-SYN-11552,TXN-SYN-11750,NORM-1045,15620.25,5021.5,10598.75,555.4,UPI,0,2,9,2,9,1.0,0.27124773960216997,11,297.125,NORM-1083
TXN-SYN-11555,TXN-SYN-10873,NORM-1069,24300.35,13169.26,11131.089999999998,296.78333333333336,NEFT,0,15,15,15,15,1.0,0.6611813106082868,26,221.37380952380954,MCH-2027
TXN-SYN-11558,TXN-SYN-11150,NORM-1081,19547.12,28906.01,0.0,369.98333333333335,NEFT,0,9,10,6,9,1.0,0.43156480096912797,15,231.69791666666669,MCH-2004
TXN-SYN-11561,TXN-SYN-11938,NORM-1023,16612.7,1965.75,14646.95,210.35,UPI,0,14,19,13,17,1.0,0.7514374086794816,29,80.57083333333334,NORM-1071
TXN-SYN-11564,TXN-SYN-11921,NORM-1103,26772.27,2204.32,24567.95,35.65,UPI,0,12,11,12,11,0.9101937353061555,0.49397741306176507,23,138.8651515151515,NORM-1089
TXN-SYN-11567,TXN-SYN-10194,NORM-1021,28023.22,5147.62,22875.600000000002,336.9166666666667,UPI,0,8,12,7,12,1.0,0.4459391664653747,17,240.21875,NORM-1084
TXN-SYN-11570,TXN-SYN-11218,NORM-1059,14513.06,14682.6,0.0,235.11666666666667,NEFT,0,5,4,5,4,0.9374211435005428,0.36117582797329084,9,170.17916666666667,MCH-2002
TXN-SYN-11573,TXN-SYN-10885,NORM-1062,24793.98,18244.15,6549.829999999998,89.71666666666667,NEFT,0,5,9,5,9,1.0,0.33305578684429643,14,254.28999999999996,MCH-2029
TXN-SYN-11576,TXN-SYN-10255,NORM-1067,11869.02,14962.57,0.0,259.5,UPI,0,12,19,11,17,1.0,0.7465881723307465,26,120.43333333333332,NORM-1017
TXN-SYN-11579,TXN-SYN-11938,NORM-1023,21830.2,1965.75,19864.45,210.35,UPI,0,14,19,13,17,1.0,0.7514374086794816,29,80.57083333333334,NORM-1071
TXN-SYN-10900,TXN-SYN-11414,MCH-2001,84995.88,49047.48,35948.4,312.6,RTGS,0,18,10,18,7,1.0,0.43642598293262674,25,211.29509803921567,MCH-2028
TXN-SYN-10592,TXN-SYN-10595,NORM-1070,10564.35,14446.67,0.0,132.3,UPI,0,12,26,11,25,1.0,0.8800144095926716,34,102.13787878787879,NORM-1071
TXN-SYN-10959,TXN-SYN-10762,MCH-2017,9391.96,181532.39,0.0,88.96666666666667,RTGS,0,16,10,15,7,1.0,0.618425921031767,22,182.76444444444445,MCH-2008
TXN-SYN-11521,TXN-SYN-11381,MCH-2014,116111.72,105239.16,10872.559999999998,525.3833333333333,RTGS,0,27,11,20,9,0.8008858467941137,0.8991481754127669,27,418.02160493827165,MCH-2025
TXN-SYN-11156,TXN-SYN-11325,MCH-2018,206350.41,58209.67,148140.74,1036.15,RTGS,0,22,7,19,5,0.8577441564033355,0.6701974000962927,23,479.6236842105262,MCH-2003
TXN-SYN-10524,TXN-SYN-10179,NORM-1020,10075.63,8804.12,1271.5099999999984,36.88333333333333,UPI,0,13,18,12,16,1.0,0.6748625783862561,28,114.84102564102562,NORM-1093
TXN-SYN-10311,TXN-SYN-10240,NORM-1072,10751.13,4979.3,5771.829999999999,507.15,UPI,0,15,19,14,18,1.0,0.7515703768290362,31,165.275,NORM-1020
TXN-SYN-11780,TXN-SYN-11797,NORM-1093,6896.19,6869.56,26.6299999999992,63.916666666666664,UPI,0,12,15,11,13,1.0,0.6060795011691348,23,96.1111111111111,NORM-1066
TXN-SYN-10344,TXN-SYN-11214,NORM-1079,2745.56,5370.5,0.0,28.983333333333334,NEFT,0,12,22,12,20,1.0,0.7325218140687279,30,175.80454545454543,MCH-2029
TXN-SYN-10791,TXN-SYN-11325,MCH-2018,20931.06,58209.67,0.0,1027.7666666666667,RTGS,0,22,7,19,5,0.8577441564033355,0.6701974000962927,23,479.6236842105262,MCH-2003
TXN-SYN-10800,TXN-SYN-11383,MCH-2013,156823.92,214525.7,0.0,322.73333333333335,RTGS,0,26,8,21,7,0.7886574067900582,0.8154129027100487,28,320.3467948717949,MCH-2026
TXN-SYN-11834,TXN-SYN-10319,NORM-1083,7629.45,9633.81,0.0,91.08333333333333,UPI,0,13,14,13,12,1.0,0.572583162991806,25,144.47083333333333,NORM-1082
TXN-SYN-11199,TXN-SYN-10762,MCH-2017,13526.88,181532.39,0.0,73.05,RTGS,0,16,10,15,7,1.0,0.618425921031767,22,182.76444444444445,MCH-2008
TXN-SYN-10446,TXN-SYN-10255,NORM-1067,16904.36,14962.57,1941.7900000000009,239.48333333333332,UPI,0,12,19,11,17,1.0,0.7465881723307465,26,120.43333333333332,NORM-1017
TXN-SYN-11483,TXN-SYN-11042,MCH-2029,4485.52,241213.56,0.0,1073.4,RTGS,0,26,4,25,4,0.4768410431001316,0.6276223573030835,28,525.5410256410257,MCH-2019
TXN-SYN-11978,TXN-SYN-10873,NORM-1069,7032.57,13169.26,0.0,268.4166666666667,NEFT,0,15,15,15,15,1.0,0.6611813106082868,26,221.37380952380954,MCH-2027
TXN-SYN-10604,TXN-SYN-11813,NORM-1100,17210.08,2164.27,15045.810000000001,104.93333333333334,UPI,0,11,11,11,11,1.0,0.4946506529763355,20,209.14629629629633,NORM-1078
TXN-SYN-10304,TXN-SYN-11788,NORM-1008,2507.48,4244.54,0.0,1180.0166666666667,UPI,0,11,16,11,14,1.0,0.6092859694980913,25,510.5969696969696,NORM-1023
TXN-SYN-10746,TXN-SYN-11021,MCH-2008,69656.7,116759.76,0.0,350.8333333333333,RTGS,0,39,3,34,3,0.2427401117423724,0.9007989228541982,37,628.5277777777779,MCH-2028
TXN-SYN-11921,TXN-SYN-10925,NORM-1089,2204.32,29526.27,0.0,48.65,NEFT,0,9,17,9,17,1.0,0.5654222544400145,26,116.15208333333334,MCH-2013
TXN-SYN-10363,TXN-SYN-10507,NORM-1098,8671.35,16627.63,0.0,149.16666666666666,UPI,0,17,19,16,18,1.0,0.7825708902951548,29,80.35588235294118,NORM-1094
TXN-SYN-10970,TXN-SYN-11381,MCH-2014,17259.47,105239.16,0.0,491.76666666666665,RTGS,0,27,11,20,9,0.8008858467941137,0.8991481754127669,27,418.02160493827165,MCH-2025
TXN-SYN-11764,TXN-SYN-11787,NORM-1031,9697.72,5480.62,4217.099999999999,1108.3833333333334,UPI,0,5,9,5,9,1.0,0.343551256620519,14,594.5733333333333,NORM-1054
TXN-SYN-10018,TXN-SYN-11457,MCH-2015,1472.08,96570.16,0.0,67.61666666666666,RTGS,0,25,13,23,10,1.0,0.8303893360527371,32,116.27500000000002,MCH-2011
TXN-SYN-11214,TXN-SYN-11042,MCH-2029,5370.5,241213.56,0.0,1057.1,RTGS,0,26,4,25,4,0.4768410431001316,0.6276223573030835,28,525.5410256410257,MCH-2019
TXN-SYN-10500,TXN-SYN-10410,NORM-1025,10992.15,10941.63,50.52000000000044,879.35,UPI,0,16,9,15,9,0.5469324490164661,0.5395586410316361,22,330.58000000000004,NORM-1022
TXN-SYN-10990,TXN-SYN-11414,MCH-2001,18071.77,49047.48,0.0,271.0833333333333,RTGS,0,18,10,18,7,1.0,0.43642598293262674,25,211.29509803921567,MCH-2028
TXN-SYN-10607,TXN-SYN-10547,NORM-1088,8561.17,3710.14,4851.030000000001,367.25,UPI,0,11,21,10,21,1.0,0.7038424175031923,28,80.69074074074074,NORM-1095
TXN-SYN-10179,TXN-SYN-11797,NORM-1093,8804.12,6869.56,1934.5600000000004,29.633333333333333,UPI,0,12,15,11,13,1.0,0.6060795011691348,23,96.1111111111111,NORM-1066
TXN-SYN-10670,TXN-SYN-10092,NORM-1014,12525.65,17980.15,0.0,213.06666666666666,UPI,0,14,23,14,23,1.0,0.8021631908269147,36,96.43846153846152,NORM-1010
TXN-SYN-11486,TXN-SYN-11383,MCH-2013,11902.16,214525.7,0.0,291.9,RTGS,0,26,8,21,7,0.7886574067900582,0.8154129027100487,28,320.3467948717949,MCH-2026
TXN-SYN-10542,TXN-SYN-10410,NORM-1025,1423.0,10941.63,0.0,875.05,UPI,0,16,9,15,9,0.5469324490164661,0.5395586410316361,22,330.58000000000004,NORM-1022
TXN-SYN-11038,TXN-SYN-11457,MCH-2015,16745.04,96570.16,0.0,61.15,RTGS,0,25,13,23,10,1.0,0.8303893360527371,32,116.27500000000002,MCH-2011
TXN-SYN-10106,TXN-SYN-10345,NORM-1106,4329.9,14651.18,0.0,118.08333333333333,UPI,0,11,15,10,15,1.0,0.6706888892073547,25,101.08484848484846,NORM-1003
TXN-SYN-10403,TXN-SYN-10052,NORM-1001,14375.99,16083.96,0.0,5.533333333333333,UPI,0,12,23,12,22,1.0,0.7832703401631191,32,97.02499999999999,NORM-1013
TXN-SYN-10245,TXN-SYN-10400,NORM-1007,12080.25,3111.32,8968.93,10.8,UPI,0,9,20,8,20,0.8968319384104775,0.6135510146511751,25,210.9888888888889,NORM-1022
TXN-SYN-10626,TXN-SYN-10092,NORM-1014,1417.84,17980.15,0.0,207.81666666666666,UPI,0,14,23,14,23,1.0,0.8021631908269147,36,96.43846153846152,NORM-1010
TXN-SYN-11356,TXN-SYN-11348,MCH-2021,3088.58,199435.4,0.0,987.7,RTGS,0,26,6,22,6,0.6936701868421437,0.6126225776945822,28,296.9126666666667,MCH-2010
TXN-SYN-11359,TXN-SYN-11021,MCH-2008,22755.94,116759.76,0.0,336.8833333333333,RTGS,0,39,3,34,3,0.2427401117423724,0.9007989228541982,37,628.5277777777779,MCH-2028
TXN-SYN-10052,TXN-SYN-11207,NORM-1013,16083.96,30048.02,0.0,121.48333333333333,NEFT,0,12,14,11,13,0.8074267314554087,0.5945650654910879,24,167.3,MCH-2013
TXN-SYN-10733,TXN-SYN-11500,MCH-2003,26586.49,117374.18,0.0,227.58333333333334,NEFT,0,27,18,22,12,1.0,0.9491223547608446,33,172.86014492753625,MCH-2010
TXN-SYN-11292,TXN-SYN-11369,MCH-2009,33097.87,75939.81,0.0,574.3166666666667,RTGS,0,27,11,20,10,0.6228123125366313,0.8066227977074931,28,210.48333333333332,MCH-2025
TXN-SYN-10400,TXN-SYN-10280,NORM-1022,3111.32,2726.69,384.6300000000001,389.28333333333336,UPI,0,12,16,12,14,1.0,0.6766826438957587,26,226.41363636363633,NORM-1010
TXN-SYN-11137,TXN-SYN-11457,MCH-2015,7230.87,96570.16,0.0,45.45,RTGS,0,25,13,23,10,1.0,0.8303893360527371,32,116.27500000000002,MCH-2011
TXN-SYN-11170,TXN-SYN-11348,MCH-2021,14821.0,199435.4,0.0,975.85,RTGS,0,26,6,22,6,0.6936701868421437,0.6126225776945822,28,296.9126666666667,MCH-2010
TXN-SYN-11740,TXN-SYN-11788,NORM-1008,1424.87,4244.54,0.0,1151.8,UPI,0,11,16,11,14,1.0,0.6092859694980913,25,510.5969696969696,NORM-1023
TXN-SYN-10323,TXN-SYN-10873,NORM-1069,1006.95,13169.26,0.0,232.93333333333334,NEFT,0,15,15,15,15,1.0,0.6611813106082868,26,221.37380952380954,MCH-2027
TXN-SYN-10756,TXN-SYN-11047,MCH-2016,5862.34,232365.16,0.0,53.5,RTGS,0,28,4,26,4,0.6234034653990607,0.6765129048360102,29,400.08750000000003,MCH-2014
TXN-SYN-11354,TXN-SYN-11473,MCH-2020,5270.6,224465.79,0.0,179.86666666666667,RTGS,0,27,3,26,2,0.85700691569958,0.7083035474202667,28,262.7933333333333,MCH-2030
TXN-SYN-11797,TXN-SYN-10802,NORM-1066,6869.56,9708.7,0.0,146.66666666666666,NEFT,0,9,12,7,11,1.0,0.4985524832002321,18,197.34259259259258,MCH-2028
TXN-SYN-11974,TXN-SYN-11888,NORM-1073,11691.18,4215.76,7475.42,189.11666666666667,UPI,0,14,20,14,19,1.0,0.7206443408223824,30,128.97976190476194,NORM-1030
TXN-SYN-11086,TXN-SYN-11510,MCH-2005,45819.96,108095.25,0.0,103.38333333333334,NEFT,0,30,11,26,4,0.5749206075508325,0.8868753267198232,29,196.39259259259256,MCH-2012
TXN-SYN-11258,TXN-SYN-11416,MCH-2027,6094.1,145712.98,0.0,924.1666666666666,RTGS,0,26,3,24,3,0.300921650687241,0.4783220243467743,27,475.5785714285714,MCH-2001
TXN-SYN-11268,TXN-SYN-11479,MCH-2004,12143.39,47936.9,0.0,86.71666666666667,RTGS,0,17,20,17,14,1.0,0.788660343173825,31,99.37564102564102,MCH-2002
TXN-SYN-10849,TXN-SYN-11042,MCH-2029,224004.27,241213.56,0.0,1020.6,RTGS,0,26,4,25,4,0.4768410431001316,0.6276223573030835,28,525.5410256410257,MCH-2019
TXN-SYN-10433,TXN-SYN-11967,NORM-1103,16865.49,5885.31,10980.18,233.58333333333334,UPI,0,12,11,12,11,0.9101937353061555,0.49397741306176507,23,138.8651515151515,NORM-1060
TXN-SYN-10483,TXN-SYN-10861,NORM-1090,5994.94,6112.29,0.0,25.266666666666666,NEFT,0,11,27,9,22,1.0,0.8457600712219008,31,79.46363636363637,MCH-2011
TXN-SYN-10925,TXN-SYN-11383,MCH-2013,29526.27,214525.7,0.0,251.13333333333333,RTGS,0,26,8,21,7,0.7886574067900582,0.8154129027100487,28,320.3467948717949,MCH-2026
TXN-SYN-11364,TXN-SYN-11303,MCH-2028,17590.36,115733.66,0.0,275.05,RTGS,0,28,3,26,3,0.18395959630467112,0.6815808277909086,29,636.2574074074074,MCH-2032
TXN-SYN-10777,TXN-SYN-11473,MCH-2020,3380.57,224465.79,0.0,163.61666666666667,RTGS,0,27,3,26,2,0.85700691569958,0.7083035474202667,28,262.7933333333333,MCH-2030
TXN-SYN-10628,TXN-SYN-10924,NORM-1094,9000.68,8748.4,252.28000000000065,114.58333333333333,NEFT,0,12,12,12,11,1.0,0.5460647314233708,23,169.33181818181816,MCH-2029
TXN-SYN-10339,TXN-SYN-11788,NORM-1008,13265.35,4244.54,9020.810000000001,1125.2166666666667,UPI,0,11,16,11,14,1.0,0.6092859694980913,25,510.5969696969696,NORM-1023
TXN-SYN-10408,TXN-SYN-10595,NORM-1070,5892.06,14446.67,0.0,44.15,UPI,0,12,26,11,25,1.0,0.8800144095926716,34,102.13787878787879,NORM-1071
TXN-SYN-10885,TXN-SYN-11042,MCH-2029,18244.15,241213.56,0.0,1007.5333333333333,RTGS,0,26,4,25,4,0.4768410431001316,0.6276223573030835,28,525.5410256410257,MCH-2019
TXN-SYN-11324,TXN-SYN-11416,MCH-2027,109953.32,145712.98,0.0,906.3,RTGS,0,26,3,24,3,0.300921650687241,0.4783220243467743,27,475.5785714285714,MCH-2001
TXN-SYN-10762,TXN-SYN-11021,MCH-2008,181532.39,116759.76,64772.63000000002,294.9166666666667,RTGS,0,39,3,34,3,0.2427401117423724,0.9007989228541982,37,628.5277777777779,MCH-2028
TXN-SYN-10277,TXN-SYN-10499,NORM-1092,2832.54,14398.33,0.0,238.06666666666666,UPI,0,14,16,14,16,1.0,0.6852922327201659,27,210.33809523809526,NORM-1020
TXN-SYN-11284,TXN-SYN-10743,MCH-2025,2007.62,234022.45,0.0,79.05,RTGS,0,26,6,24,6,1.0,0.5005866249511146,30,280.2953703703704,MCH-2004
TXN-SYN-11125,TXN-SYN-11216,MCH-2034,111219.79,92359.65,18860.14,32.766666666666666,RTGS,0,23,9,22,9,1.0,0.7372752814381989,28,228.65606060606058,MCH-2012
TXN-SYN-10645,TXN-SYN-10078,NORM-1095,4690.09,12323.51,0.0,90.46666666666667,UPI,0,12,19,11,18,1.0,0.6891824295533282,26,98.3263888888889,NORM-1084
TXN-SYN-10901,TXN-SYN-11479,MCH-2004,11097.8,47936.9,0.0,62.31666666666667,RTGS,0,17,20,17,14,1.0,0.788660343173825,31,99.37564102564102,MCH-2002
TXN-SYN-10016,TXN-SYN-11073,MCH-2010,2704.14,154962.03,0.0,86.61666666666666,RTGS,0,31,9,26,9,0.5815589894687686,0.8669371831766024,33,661.4083333333333,MCH-2006
TXN-SYN-10319,TXN-SYN-11948,NORM-1082,9633.81,4913.86,4719.95,228.88333333333333,UPI,0,13,19,9,18,1.0,0.7073082378078357,24,119.71666666666667,NORM-1033
TXN-SYN-11865,TXN-SYN-11410,NORM-1028,9656.96,23219.22,0.0,78.28333333333333,NEFT,0,8,15,8,15,1.0,0.5601331330925031,23,94.91874999999999,MCH-2016
TXN-SYN-11457,TXN-SYN-11255,MCH-2011,96570.16,100897.15,0.0,504.0833333333333,RTGS,0,29,7,23,6,0.8184959097255264,0.802213515069358,28,293.1798850574713,MCH-2005
TXN-SYN-10861,TXN-SYN-11255,MCH-2011,6112.29,100897.15,0.0,503.7,RTGS,0,29,7,23,6,0.8184959097255264,0.802213515069358,28,293.1798850574713,MCH-2005
TXN-SYN-10705,TXN-SYN-11479,MCH-2004,29806.45,47936.9,0.0,46.31666666666667,RTGS,0,17,20,17,14,1.0,0.788660343173825,31,99.37564102564102,MCH-2002
TXN-SYN-10080,TXN-SYN-11150,NORM-1081,752.85,28906.01,0.0,253.63333333333333,NEFT,0,9,10,6,9,1.0,0.43156480096912797,15,231.69791666666669,MCH-2004
TXN-SYN-10680,TXN-SYN-10142,NORM-1012,1211.39,7078.34,0.0,49.36666666666667,UPI,0,17,21,16,21,1.0,0.8985221674876848,33,196.0607843137255,NORM-1086
TXN-SYN-11047,TXN-SYN-11381,MCH-2014,232365.16,105239.16,127126.0,409.3666666666667,RTGS,0,27,11,20,9,0.8008858467941137,0.8991481754127669,27,418.02160493827165,MCH-2025
TXN-SYN-10986,TXN-SYN-11021,MCH-2008,28576.86,116759.76,0.0,263.65,RTGS,0,39,3,34,3,0.2427401117423724,0.9007989228541982,37,628.5277777777779,MCH-2028
TXN-SYN-11965,TXN-SYN-11938,NORM-1023,11965.57,1965.75,9999.82,87.5,UPI,0,14,19,13,17,1.0,0.7514374086794816,29,80.57083333333334,NORM-1071
TXN-SYN-10966,TXN-SYN-11021,MCH-2008,5207.4,116759.76,0.0,261.18333333333334,RTGS,0,39,3,34,3,0.2427401117423724,0.9007989228541982,37,628.5277777777779,MCH-2028
TXN-SYN-10431,TXN-SYN-11823,NORM-1097,7480.97,1924.22,5556.75,578.8,UPI,0,9,17,9,17,1.0,0.5736629852539193,25,210.94814814814814,NORM-1021
TXN-SYN-10997,TXN-SYN-11415,MCH-2024,5538.06,103106.88,0.0,95.31666666666666,RTGS,0,18,11,17,9,1.0,0.590658097220965,25,146.028125,MCH-2016
TXN-SYN-11216,TXN-SYN-11145,MCH-2012,92359.65,209466.75,0.0,127.66666666666667,RTGS,0,31,9,21,8,0.8166960909487291,0.8869889803938478,28,297.4005555555556,MCH-2025
TXN-SYN-10646,TXN-SYN-11910,NORM-1091,5944.44,7807.29,0.0,527.0833333333334,UPI,0,10,11,10,11,1.0,0.4695360536612633,20,670.9875,NORM-1072
TXN-SYN-10351,TXN-SYN-11448,NORM-1002,13590.87,28675.16,0.0,659.6,NEFT,0,14,16,14,15,0.975663309338928,0.702297422958623,26,109.75119047619049,MCH-2013
TXN-SYN-11159,TXN-SYN-11021,MCH-2008,166773.81,116759.76,50014.05,255.63333333333333,RTGS,0,39,3,34,3,0.2427401117423724,0.9007989228541982,37,628.5277777777779,MCH-2028
TXN-SYN-10595,TXN-SYN-10157,NORM-1071,14446.67,5372.73,9073.94,689.1,UPI,0,13,20,13,18,1.0,0.7230235530399854,30,223.20256410256408,NORM-1097
TXN-SYN-11341,TXN-SYN-11520,MCH-2007,30531.9,99313.06,0.0,70.15,NEFT,0,21,14,21,8,1.0,0.6929168499780026,28,283.69629629629634,MCH-2014
TXN-SYN-10409,TXN-SYN-11481,NORM-1108,6092.01,13540.38,0.0,299.93333333333334,NEFT,0,6,9,6,9,1.0,0.47860035983656685,15,174.29999999999998,MCH-2030
TXN-SYN-11813,TXN-SYN-10582,NORM-1078,2164.27,7396.13,0.0,85.36666666666666,UPI,0,8,16,8,16,1.0,0.5277044854881267,24,135.77142857142854,NORM-1027
TXN-SYN-10337,TXN-SYN-10410,NORM-1025,14856.33,10941.63,3914.7000000000007,781.45,UPI,0,16,9,15,9,0.5469324490164661,0.5395586410316361,22,330.58000000000004,NORM-1022
TXN-SYN-11713,TXN-SYN-11714,STR-4017,152672.47,42572.57,110099.9,27.15,IMPS,1,1,4,1,3,0.9951268227991595,5.4429996976111275,4,27.15,B552
TXN-SYN-11198,TXN-SYN-11261,MCH-2023,25720.93,113527.45,0.0,212.56666666666666,RTGS,0,35,8,31,6,0.6193581742780404,0.9352457134571466,36,554.3409523809524,MCH-2014
TXN-SYN-10984,TXN-SYN-11303,MCH-2028,28387.26,115733.66,0.0,212.4,RTGS,0,28,3,26,3,0.18395959630467112,0.6815808277909086,29,636.2574074074074,MCH-2032
TXN-SYN-10386,TXN-SYN-10322,NORM-1010,17602.75,14566.46,3036.290000000001,253.68333333333334,UPI,0,18,17,16,16,0.4961328133372379,0.7617942067364373,27,194.57592592592593,NORM-1102
TXN-SYN-11109,TXN-SYN-11415,MCH-2024,13559.51,103106.88,0.0,73.01666666666667,RTGS,0,18,11,17,9,1.0,0.590658097220965,25,146.028125,MCH-2016
TXN-SYN-10246,TXN-SYN-10240,NORM-1072,10554.03,4979.3,5574.7300000000005,361.53333333333336,UPI,0,15,19,14,18,1.0,0.7515703768290362,31,165.275,NORM-1020
TXN-SYN-10956,TXN-SYN-11520,MCH-2007,11891.25,99313.06,0.0,50.083333333333336,NEFT,0,21,14,21,8,1.0,0.6929168499780026,28,283.69629629629634,MCH-2014
TXN-SYN-10589,TXN-SYN-10507,NORM-1098,6165.12,16627.63,0.0,28.6,UPI,0,17,19,16,18,1.0,0.7825708902951548,29,80.35588235294118,NORM-1094
TXN-SYN-10907,TXN-SYN-11021,MCH-2008,3866.8,116759.76,0.0,228.36666666666667,RTGS,0,39,3,34,3,0.2427401117423724,0.9007989228541982,37,628.5277777777779,MCH-2028
TXN-SYN-11479,TXN-SYN-11400,MCH-2002,47936.9,154370.74,0.0,230.71666666666667,RTGS,0,20,9,17,5,1.0,0.7362430448304313,21,240.65588235294115,MCH-2019
TXN-SYN-10087,TXN-SYN-11938,NORM-1023,1370.22,1965.75,0.0,46.38333333333333,UPI,0,14,19,13,17,1.0,0.7514374086794816,29,80.57083333333334,NORM-1071
TXN-SYN-10345,TXN-SYN-11219,NORM-1003,14651.18,809.89,13841.29,129.06666666666666,UPI,0,11,12,11,12,0.7831577148973093,0.5000996575404519,22,259.80833333333334,MCH-2020
TXN-SYN-11190,TXN-SYN-11400,MCH-2002,22661.41,154370.74,0.0,224.25,RTGS,0,20,9,17,5,1.0,0.7362430448304313,21,240.65588235294115,MCH-2019
TXN-SYN-10142,TXN-SYN-10034,NORM-1086,7078.34,7301.22,0.0,352.28333333333336,UPI,0,13,18,11,18,1.0,0.6788981896048277,26,144.0111111111111,NORM-1056
TXN-SYN-10856,TXN-SYN-11383,MCH-2013,29590.01,214525.7,0.0,163.35,RTGS,0,26,8,21,7,0.7886574067900582,0.8154129027100487,28,320.3467948717949,MCH-2026
TXN-SYN-10715,TXN-SYN-11325,MCH-2018,9215.19,58209.67,0.0,867.3666666666667,RTGS,0,22,7,19,5,0.8577441564033355,0.6701974000962927,23,479.6236842105262,MCH-2003
TXN-SYN-10743,TXN-SYN-10841,MCH-2004,234022.45,94949.51,139072.94,284.01666666666665,RTGS,0,17,20,17,14,1.0,0.788660343173825,31,99.37564102564102,MCH-2035
TXN-SYN-11207,TXN-SYN-11383,MCH-2013,30048.02,214525.7,0.0,160.81666666666666,RTGS,0,26,8,21,7,0.7886574067900582,0.8154129027100487,28,320.3467948717949,MCH-2026
TXN-SYN-10405,TXN-SYN-10206,NORM-1019,14674.35,15655.07,0.0,63.06666666666667,UPI,0,8,14,8,14,1.0,0.4629710818441682,20,124.86904761904762,NORM-1079
TXN-SYN-11510,TXN-SYN-11145,MCH-2012,108095.25,209466.75,0.0,79.43333333333334,RTGS,0,31,9,21,8,0.8166960909487291,0.8869889803938478,28,297.4005555555556,MCH-2025
TXN-SYN-11093,TXN-SYN-11416,MCH-2027,16137.06,145712.98,0.0,820.4333333333333,RTGS,0,26,3,24,3,0.300921650687241,0.4783220243467743,27,475.5785714285714,MCH-2001
TXN-SYN-11753,TXN-SYN-11947,NORM-1053,8959.1,10685.23,0.0,952.7,UPI,0,6,10,6,10,1.0,0.38134330828561025,15,425.9194444444444,NORM-1014
TXN-SYN-11142,TXN-SYN-10965,MCH-2030,14444.81,173657.96,0.0,363.05,RTGS,0,20,4,20,4,0.4328675652225954,0.6275330108510917,23,272.29912280701757,MCH-2032
TXN-SYN-10094,TXN-SYN-10240,NORM-1072,7656.69,4979.3,2677.3899999999994,333.1166666666667,UPI,0,15,19,14,18,1.0,0.7515703768290362,31,165.275,NORM-1020
TXN-SYN-11353,TXN-SYN-11314,MCH-2022,955.0,90263.49,0.0,83.06666666666666,RTGS,0,14,8,12,7,1.0,0.5007587253414264,17,233.9969696969697,MCH-2023
TXN-SYN-11410,TXN-SYN-10877,MCH-2016,23219.22,112921.83,0.0,455.71666666666664,RTGS,0,28,4,26,4,0.6234034653990607,0.6765129048360102,29,400.08750000000003,MCH-2009
TXN-SYN-10507,TXN-SYN-10924,NORM-1094,16627.63,8748.4,7879.230000000001,15.55,NEFT,0,12,12,12,11,1.0,0.5460647314233708,23,169.33181818181816,MCH-2029
TXN-SYN-10078,TXN-SYN-10584,NORM-1084,12323.51,16108.78,0.0,191.75,UPI,0,8,20,8,18,1.0,0.6254343293954134,25,124.0,NORM-1081
TXN-SYN-10787,TXN-SYN-11473,MCH-2020,14723.77,224465.79,0.0,57.483333333333334,RTGS,0,27,3,26,2,0.85700691569958,0.7083035474202667,28,262.7933333333333,MCH-2030
TXN-SYN-11073,TXN-SYN-11515,MCH-2006,154962.03,115796.31,39165.72,483.18333333333334,NEFT,0,21,16,17,11,1.0,0.8198386173532507,27,121.12416666666665,MCH-2013
TXN-SYN-11244,TXN-SYN-11303,MCH-2028,19065.19,115733.66,0.0,167.63333333333333,RTGS,0,28,3,26,3,0.18395959630467112,0.6815808277909086,29,636.2574074074074,MCH-2032
TXN-SYN-10676,TXN-SYN-10356,NORM-1102,17280.95,1681.66,15599.29,345.8333333333333,UPI,0,12,15,11,13,1.0,0.5872402126631223,21,112.10555555555557,NORM-1094
TXN-SYN-11153,TXN-SYN-11261,MCH-2023,118167.19,113527.45,4639.740000000005,161.88333333333333,RTGS,0,35,8,31,6,0.6193581742780404,0.9352457134571466,36,554.3409523809524,MCH-2014
TXN-SYN-10716,TXN-SYN-11145,MCH-2012,21562.99,209466.75,0.0,58.36666666666667,RTGS,0,31,9,21,8,0.8166960909487291,0.8869889803938478,28,297.4005555555556,MCH-2025
TXN-SYN-10768,TXN-SYN-11416,MCH-2027,8505.65,145712.98,0.0,800.1,RTGS,0,26,3,24,3,0.300921650687241,0.4783220243467743,27,475.5785714285714,MCH-2001
TXN-SYN-11776,TXN-SYN-10896,NORM-1063,9687.96,9225.39,462.5699999999997,25.233333333333334,NEFT,0,5,8,5,8,1.0,0.38881411694332285,13,226.68333333333334,MCH-2010
TXN-SYN-11746,TXN-SYN-10092,NORM-1014,5590.35,17980.15,0.0,56.46666666666667,UPI,0,14,23,14,23,1.0,0.8021631908269147,36,96.43846153846152,NORM-1010
TXN-SYN-10924,TXN-SYN-11042,MCH-2029,8748.4,241213.56,0.0,896.75,RTGS,0,26,4,25,4,0.4768410431001316,0.6276223573030835,28,525.5410256410257,MCH-2019
TXN-SYN-11520,TXN-SYN-11381,MCH-2014,99313.06,105239.16,0.0,325.3833333333333,RTGS,0,27,11,20,9,0.8008858467941137,0.8991481754127669,27,418.02160493827165,MCH-2025
TXN-SYN-10625,TXN-SYN-10521,NORM-1024,2959.79,12664.43,0.0,27.6,UPI,0,9,13,9,12,1.0,0.4641595020834432,20,148.7296296296296,NORM-1007
TXN-SYN-11649,TXN-SYN-11650,STR-4005,273509.04,42564.35,230944.68999999997,39.333333333333336,IMPS,1,1,3,1,3,0.49917198349275765,4.0506329113924044,4,39.333333333333336,MULE-3024
TXN-SYN-11938,TXN-SYN-10157,NORM-1071,1965.75,5372.73,0.0,611.8833333333333,UPI,0,13,20,13,18,1.0,0.7230235530399854,30,223.20256410256408,NORM-1097
TXN-SYN-10047,TXN-SYN-11408,NORM-1064,6546.15,34742.7,0.0,123.88333333333334,NEFT,0,5,9,5,9,1.0,0.30966029528321015,14,188.72666666666666,MCH-2025
TXN-SYN-10318,TXN-SYN-10951,NORM-1100,1290.88,29762.97,0.0,10.033333333333333,NEFT,0,11,11,11,11,1.0,0.4946506529763355,20,209.14629629629633,MCH-2023
TXN-SYN-11718,TXN-SYN-11719,STR-4018,241366.18,44145.49,197220.69,12.4,IMPS,1,1,4,1,3,0.7449425598897078,6.2413314840499305,4,12.4,MULE-3011
TXN-SYN-11323,TXN-SYN-10921,MCH-2033,30862.93,76274.52,0.0,73.03333333333333,RTGS,0,21,7,17,6,0.9203997543136714,0.6931407942238267,22,377.7255555555556,MCH-2017
TXN-SYN-10928,TXN-SYN-11507,MCH-2005,173017.8,53956.82,119060.97999999998,93.11666666666666,NEFT,0,30,11,26,4,0.5749206075508325,0.8868753267198232,29,196.39259259259256,MCH-2012
TXN-SYN-11048,TXN-SYN-11473,MCH-2020,32216.45,224465.79,0.0,33.983333333333334,RTGS,0,27,3,26,2,0.85700691569958,0.7083035474202667,28,262.7933333333333,MCH-2030
TXN-SYN-10269,TXN-SYN-10356,NORM-1102,3010.08,1681.66,1328.4199999999998,320.7,UPI,0,12,15,11,13,1.0,0.5872402126631223,21,112.10555555555557,NORM-1094
TXN-SYN-10802,TXN-SYN-11303,MCH-2028,9708.7,115733.66,0.0,141.46666666666667,RTGS,0,28,3,26,3,0.18395959630467112,0.6815808277909086,29,636.2574074074074,MCH-2032
TXN-SYN-10582,TXN-SYN-11001,NORM-1027,7396.13,34486.87,0.0,202.65,NEFT,0,12,16,11,16,1.0,0.7153146887884357,26,83.9763888888889,MCH-2008
TXN-SYN-11415,TXN-SYN-10877,MCH-2016,103106.88,112921.83,0.0,416.71666666666664,RTGS,0,28,4,26,4,0.6234034653990607,0.6765129048360102,29,400.08750000000003,MCH-2009
TXN-SYN-10951,TXN-SYN-11261,MCH-2023,29762.97,113527.45,0.0,131.9,RTGS,0,35,8,31,6,0.6193581742780404,0.9352457134571466,36,554.3409523809524,MCH-2014
TXN-SYN-10896,TXN-SYN-11389,MCH-2010,9225.39,107781.91,0.0,365.46666666666664,RTGS,0,31,9,26,9,0.5815589894687686,0.8669371831766024,33,661.4083333333333,MCH-2008
TXN-SYN-11402,TXN-SYN-11021,MCH-2008,24104.06,116759.76,0.0,159.88333333333333,RTGS,0,39,3,34,3,0.2427401117423724,0.9007989228541982,37,628.5277777777779,MCH-2028
TXN-SYN-10639,TXN-SYN-11967,NORM-1103,10518.36,5885.31,4633.05,84.35,UPI,0,12,11,12,11,0.9101937353061555,0.49397741306176507,23,138.8651515151515,NORM-1060
TXN-SYN-10564,TXN-SYN-10396,NORM-1005,13625.39,1694.82,11930.57,13.133333333333333,UPI,0,14,17,13,17,1.0,0.6878995025672952,28,126.5845238095238,NORM-1093
TXN-SYN-10754,TXN-SYN-11414,MCH-2001,785.74,49047.48,0.0,80.95,RTGS,0,18,10,18,7,1.0,0.43642598293262674,25,211.29509803921567,MCH-2028
TXN-SYN-11828,TXN-SYN-10761,NORM-1040,5224.02,1297.14,3926.88,237.31666666666666,UPI,0,3,4,3,4,1.0,0.16711318602615455,7,477.96111111111117,MCH-2011
TXN-SYN-11218,TXN-SYN-11400,MCH-2002,14682.6,154370.74,0.0,156.58333333333334,RTGS,0,20,9,17,5,1.0,0.7362430448304313,21,240.65588235294115,MCH-2019
TXN-SYN-10521,TXN-SYN-10392,NORM-1007,12664.43,3058.56,9605.87,62.81666666666667,UPI,0,9,20,8,20,0.8968319384104775,0.6135510146511751,25,210.9888888888889,NORM-1082
TXN-SYN-10994,TXN-SYN-11348,MCH-2021,117562.34,199435.4,0.0,800.1,RTGS,0,26,6,22,6,0.6936701868421437,0.6126225776945822,28,296.9126666666667,MCH-2010
TXN-SYN-10206,TXN-SYN-11387,NORM-1079,15655.07,30155.36,0.0,385.8666666666667,NEFT,0,12,22,12,20,1.0,0.7325218140687279,30,175.80454545454543,MCH-2014
TXN-SYN-11058,TXN-SYN-11145,MCH-2012,189753.22,209466.75,0.0,17.283333333333335,RTGS,0,31,9,21,8,0.8166960909487291,0.8869889803938478,28,297.4005555555556,MCH-2025
TXN-SYN-10396,TXN-SYN-10414,NORM-1093,1694.82,3005.38,0.0,123.13333333333334,UPI,0,12,15,11,13,1.0,0.6060795011691348,23,96.1111111111111,NORM-1082
TXN-SYN-10365,TXN-SYN-10674,NORM-1015,17585.2,13625.79,3959.41,135.35,UPI,0,18,19,16,19,0.540306292548446,0.814519482425458,33,91.19880952380952,NORM-1107
TXN-SYN-10287,TXN-SYN-11888,NORM-1073,3494.15,4215.76,0.0,18.633333333333333,UPI,0,14,20,14,19,1.0,0.7206443408223824,30,128.97976190476194,NORM-1030
TXN-SYN-11473,TXN-SYN-10965,MCH-2030,224465.79,173657.96,50807.830000000016,294.2,RTGS,0,20,4,20,4,0.4328675652225954,0.6275330108510917,23,272.29912280701757,MCH-2032
TXN-SYN-11873,TXN-SYN-11413,NORM-1085,2270.86,5376.97,0.0,170.63333333333333,NEFT,0,16,13,14,12,1.0,0.6583220355014661,24,212.5033333333333,MCH-2029
TXN-SYN-11145,TXN-SYN-11051,MCH-2025,209466.75,128493.84,80972.91,388.1666666666667,RTGS,0,26,6,24,6,1.0,0.5005866249511146,30,280.2953703703704,MCH-2013
TXN-SYN-10092,TXN-SYN-10322,NORM-1010,17980.15,14566.46,3413.6900000000023,145.8,UPI,0,18,17,16,16,0.4961328133372379,0.7617942067364373,27,194.57592592592593,NORM-1102
TXN-SYN-10739,TXN-SYN-11208,MCH-2024,22586.81,142947.19,0.0,274.4,RTGS,0,18,11,17,9,1.0,0.590658097220965,25,146.028125,MCH-2015
TXN-SYN-10255,TXN-SYN-10216,NORM-1017,14962.57,5673.38,9289.189999999999,28.15,UPI,0,14,22,14,20,1.0,0.7948774563921396,29,108.70238095238095,NORM-1098
TXN-SYN-11888,TXN-SYN-10335,NORM-1030,4215.76,1302.97,2912.79,159.45,UPI,0,10,14,9,14,1.0,0.5709829630314965,23,99.05740740740741,NORM-1068
TXN-SYN-11817,TXN-SYN-10350,NORM-1080,10712.32,9079.66,1632.6599999999999,94.15,UPI,0,11,13,10,12,1.0,0.5431161287889265,21,83.52,NORM-1076
TXN-SYN-11314,TXN-SYN-11261,MCH-2023,90263.49,113527.45,0.0,91.23333333333333,RTGS,0,35,8,31,6,0.6193581742780404,0.9352457134571466,36,554.3409523809524,MCH-2014
TXN-SYN-10104,TXN-SYN-11413,NORM-1085,1848.54,5376.97,0.0,158.33333333333334,NEFT,0,16,13,14,12,1.0,0.6583220355014661,24,212.5033333333333,MCH-2029
TXN-SYN-11161,TXN-SYN-11261,MCH-2023,7811.54,113527.45,0.0,85.96666666666667,RTGS,0,35,8,31,6,0.6193581742780404,0.9352457134571466,36,554.3409523809524,MCH-2014
TXN-SYN-11357,TXN-SYN-10852,MCH-2015,5616.26,75961.16,0.0,124.01666666666667,RTGS,0,25,13,23,10,1.0,0.8303893360527371,32,116.27500000000002,MCH-2010
TXN-SYN-10969,TXN-SYN-10719,MCH-2022,22659.31,98128.76,0.0,159.38333333333333,RTGS,0,14,8,12,7,1.0,0.5007587253414264,17,233.9969696969697,MCH-2021
TXN-SYN-11920,TXN-SYN-11886,NORM-1033,5580.69,8659.77,0.0,202.23333333333332,UPI,0,9,11,8,11,1.0,0.6347918852437336,19,96.87777777777778,NORM-1100
TXN-SYN-10117,TXN-SYN-10891,NORM-1020,5194.3,7501.93,0.0,89.33333333333333,NEFT,0,13,18,12,16,1.0,0.6748625783862561,28,114.84102564102562,MCH-2019
TXN-SYN-11500,TXN-SYN-11389,MCH-2010,117374.18,107781.91,9592.26999999999,306.51666666666665,RTGS,0,31,9,26,9,0.5815589894687686,0.8669371831766024,33,661.4083333333333,MCH-2008
TXN-SYN-10438,TXN-SYN-11413,NORM-1085,1323.76,5376.97,0.0,141.48333333333332,NEFT,0,16,13,14,12,1.0,0.6583220355014661,24,212.5033333333333,MCH-2029
TXN-SYN-10921,TXN-SYN-11362,MCH-2017,76274.52,123697.1,0.0,64.58333333333333,RTGS,0,16,10,15,7,1.0,0.618425921031767,22,182.76444444444445,MCH-2034
TXN-SYN-10216,TXN-SYN-11795,NORM-1098,5673.38,11215.64,0.0,23.0,UPI,0,17,19,16,18,1.0,0.7825708902951548,29,80.35588235294118,NORM-1099
TXN-SYN-10430,TXN-SYN-10891,NORM-1020,16158.94,7501.93,8657.01,73.98333333333333,NEFT,0,13,18,12,16,1.0,0.6748625783862561,28,114.84102564102562,MCH-2019
TXN-SYN-11191,TXN-SYN-10841,MCH-2004,181961.5,94949.51,87011.99,165.45,RTGS,0,17,20,17,14,1.0,0.788660343173825,31,99.37564102564102,MCH-2035
TXN-SYN-11860,TXN-SYN-11947,NORM-1053,7165.25,10685.23,0.0,836.9833333333333,UPI,0,6,10,6,10,1.0,0.38134330828561025,15,425.9194444444444,NORM-1014
TXN-SYN-10873,TXN-SYN-11416,MCH-2027,13169.26,145712.98,0.0,700.6166666666667,RTGS,0,26,3,24,3,0.300921650687241,0.4783220243467743,27,475.5785714285714,MCH-2001
TXN-SYN-11069,TXN-SYN-11303,MCH-2028,229980.72,115733.66,114247.06,62.516666666666666,RTGS,0,28,3,26,3,0.18395959630467112,0.6815808277909086,29,636.2574074074074,MCH-2032
TXN-SYN-10392,TXN-SYN-11948,NORM-1082,3058.56,4913.86,0.0,36.15,UPI,0,13,19,9,18,1.0,0.7073082378078357,24,119.71666666666667,NORM-1033
TXN-SYN-11981,TXN-SYN-11119,NORM-1004,1897.81,23527.97,0.0,185.36666666666667,NEFT,0,15,21,13,19,0.8860930506436103,0.7538740751081949,32,238.8311111111111,MCH-2030
TXN-SYN-11951,TXN-SYN-10797,NORM-1083,1699.33,6852.58,0.0,276.55,NEFT,0,13,14,13,12,1.0,0.572583162991806,25,144.47083333333333,MCH-2027
TXN-SYN-10252,TXN-SYN-10240,NORM-1072,4955.85,4979.3,0.0,208.55,UPI,0,15,19,14,18,1.0,0.7515703768290362,31,165.275,NORM-1020
TXN-SYN-10341,TXN-SYN-10157,NORM-1071,12703.04,5372.73,7330.310000000001,516.4666666666667,UPI,0,13,20,13,18,1.0,0.7230235530399854,30,223.20256410256408,NORM-1097
TXN-SYN-10562,TXN-SYN-11786,NORM-1067,11738.18,7640.04,4098.14,112.76666666666667,UPI,0,12,19,11,17,1.0,0.7465881723307465,26,120.43333333333332,NORM-1107
TXN-SYN-11507,TXN-SYN-10992,MCH-2012,53956.82,58761.78,0.0,422.18333333333334,RTGS,0,31,9,21,8,0.8166960909487291,0.8869889803938478,28,297.4005555555556,MCH-2008
TXN-SYN-11795,TXN-SYN-11003,NORM-1099,11215.64,7272.56,3943.079999999999,45.95,NEFT,0,11,14,10,13,1.0,0.5656926277679655,22,208.42727272727276,MCH-2007
TXN-SYN-11967,TXN-SYN-11151,NORM-1060,5885.31,26769.21,0.0,194.16666666666666,NEFT,0,5,11,5,9,1.0,0.2731825770223099,14,175.31333333333333,MCH-2011
TXN-SYN-11414,TXN-SYN-11303,MCH-2028,49047.48,115733.66,0.0,47.0,RTGS,0,28,3,26,3,0.18395959630467112,0.6815808277909086,29,636.2574074074074,MCH-2032
TXN-SYN-10129,TXN-SYN-10212,NORM-1103,6527.06,7526.97,0.0,233.75,UPI,0,12,11,12,11,0.9101937353061555,0.49397741306176507,23,138.8651515151515,NORM-1080
TXN-SYN-10348,TXN-SYN-11019,NORM-1109,10560.78,12388.79,0.0,324.26666666666665,NEFT,0,10,15,9,14,1.0,0.5436489718993887,22,133.28611111111113,MCH-2018
TXN-SYN-10233,TXN-SYN-10290,NORM-1028,17843.84,6209.39,11634.45,118.8,UPI,0,8,15,8,15,1.0,0.5601331330925031,23,94.91874999999999,NORM-1073
TXN-SYN-10289,TXN-SYN-10586,NORM-1013,9031.7,10395.94,0.0,82.8,UPI,0,12,14,11,13,0.8074267314554087,0.5945650654910879,24,167.3,NORM-1094
TXN-SYN-10758,TXN-SYN-10877,MCH-2016,33631.62,112921.83,0.0,312.9,RTGS,0,28,4,26,4,0.6234034653990607,0.6765129048360102,29,400.08750000000003,MCH-2009
TXN-SYN-10372,TXN-SYN-10414,NORM-1093,3808.99,3005.38,803.6099999999997,37.21666666666667,UPI,0,12,15,11,13,1.0,0.6060795011691348,23,96.1111111111111,NORM-1082
TXN-SYN-10499,TXN-SYN-10891,NORM-1020,14398.33,7501.93,6896.4,33.31666666666667,NEFT,0,13,18,12,16,1.0,0.6748625783862561,28,114.84102564102562,MCH-2019
TXN-SYN-10860,TXN-SYN-11042,MCH-2029,13678.05,241213.56,0.0,764.5,RTGS,0,26,4,25,4,0.4768410431001316,0.6276223573030835,28,525.5410256410257,MCH-2019
TXN-SYN-11408,TXN-SYN-11051,MCH-2025,34742.7,128493.84,0.0,309.28333333333336,RTGS,0,26,6,24,6,1.0,0.5005866249511146,30,280.2953703703704,MCH-2013
TXN-SYN-11948,TXN-SYN-11886,NORM-1033,4913.86,8659.77,0.0,142.71666666666667,UPI,0,9,11,8,11,1.0,0.6347918852437336,19,96.87777777777778,NORM-1100
TXN-SYN-10687,TXN-SYN-10039,NORM-1066,5228.97,3998.38,1230.5900000000001,452.8,UPI,0,9,12,7,11,1.0,0.4985524832002321,18,197.34259259259258,NORM-1060
TXN-SYN-10839,TXN-SYN-11261,MCH-2023,5513.03,113527.45,0.0,20.6,RTGS,0,35,8,31,6,0.6193581742780404,0.9352457134571466,36,554.3409523809524,MCH-2014
TXN-SYN-11383,TXN-SYN-11449,MCH-2026,214525.7,232185.27,0.0,618.9166666666666,RTGS,0,19,6,19,6,0.7349821465112782,0.5605485902202956,24,297.7166666666667,MCH-2033
TXN-SYN-10194,TXN-SYN-10584,NORM-1084,5147.62,16108.78,0.0,42.86666666666667,UPI,0,8,20,8,18,1.0,0.6254343293954134,25,124.0,NORM-1081
TXN-SYN-10025,TXN-SYN-11311,NORM-1049,11761.54,30788.23,0.0,383.3666666666667,NEFT,0,3,5,3,5,1.0,0.15092124845410526,8,1146.1055555555556,MCH-2024
TXN-SYN-10608,TXN-SYN-11387,NORM-1079,12887.88,30155.36,0.0,281.8833333333333,NEFT,0,12,22,12,20,1.0,0.7325218140687279,30,175.80454545454543,MCH-2014
TXN-SYN-11253,TXN-SYN-10852,MCH-2015,28081.19,75961.16,0.0,45.916666666666664,RTGS,0,25,13,23,10,1.0,0.8303893360527371,32,116.27500000000002,MCH-2010
TXN-SYN-11362,TXN-SYN-10784,MCH-2034,123697.1,62846.31,60850.79000000001,473.3666666666667,RTGS,0,23,9,22,9,1.0,0.7372752814381989,28,228.65606060606058,MCH-2023
TXN-SYN-10544,TXN-SYN-11881,NORM-1011,14129.05,11721.0,2408.0499999999993,66.06666666666666,UPI,0,14,16,14,15,0.6038315617227421,0.6408126453695353,29,110.81153846153846,NORM-1092
TXN-SYN-11401,TXN-SYN-10841,MCH-2004,20890.72,94949.51,0.0,102.96666666666667,RTGS,0,17,20,17,14,1.0,0.788660343173825,31,99.37564102564102,MCH-2035
TXN-SYN-11261,TXN-SYN-11381,MCH-2014,113527.45,105239.16,8288.289999999994,173.41666666666666,RTGS,0,27,11,20,9,0.8008858467941137,0.8991481754127669,27,418.02160493827165,MCH-2025
TXN-SYN-11003,TXN-SYN-11523,MCH-2007,7272.56,114047.64,0.0,746.0166666666667,NEFT,0,21,14,21,8,1.0,0.6929168499780026,28,283.69629629629634,MCH-2014
TXN-SYN-10350,TXN-SYN-10011,NORM-1076,9079.66,1887.36,7192.3,279.3833333333333,UPI,0,7,16,7,14,1.0,0.5101129271733706,21,153.70833333333334,NORM-1039
TXN-SYN-11303,TXN-SYN-10750,MCH-2032,115733.66,155473.63,0.0,100.1,RTGS,0,19,7,19,7,0.656855049932113,0.5553445984431366,25,205.62051282051283,MCH-2007
TXN-SYN-10098,TXN-SYN-10993,NORM-1094,17399.09,21964.34,0.0,50.2,NEFT,0,12,12,12,11,1.0,0.5460647314233708,23,169.33181818181816,MCH-2018
TXN-SYN-11439,TXN-SYN-11042,MCH-2029,29594.43,241213.56,0.0,733.4166666666666,RTGS,0,26,4,25,4,0.4768410431001316,0.6276223573030835,28,525.5410256410257,MCH-2019
TXN-SYN-10414,TXN-SYN-10306,NORM-1082,3005.38,17872.93,0.0,327.48333333333335,UPI,0,13,19,9,18,1.0,0.7073082378078357,24,119.71666666666667,NORM-1014
TXN-SYN-11919,TXN-SYN-11477,NORM-1092,1083.51,12869.6,0.0,96.98333333333333,NEFT,0,14,16,14,16,1.0,0.6852922327201659,27,210.33809523809526,MCH-2025
TXN-SYN-11150,TXN-SYN-10841,MCH-2004,28906.01,94949.51,0.0,87.81666666666666,RTGS,0,17,20,17,14,1.0,0.788660343173825,31,99.37564102564102,MCH-2035
TXN-SYN-11459,TXN-SYN-11208,MCH-2024,17717.42,142947.19,0.0,160.81666666666666,RTGS,0,18,11,17,9,1.0,0.590658097220965,25,146.028125,MCH-2015
TXN-SYN-11120,TXN-SYN-11369,MCH-2009,2031.29,75939.81,0.0,261.76666666666665,RTGS,0,27,11,20,10,0.6228123125366313,0.8066227977074931,28,210.48333333333332,MCH-2025
TXN-SYN-10190,TXN-SYN-10586,NORM-1013,7406.67,10395.94,0.0,36.03333333333333,UPI,0,12,14,11,13,0.8074267314554087,0.5945650654910879,24,167.3,NORM-1094
TXN-SYN-11511,TXN-SYN-10992,MCH-2012,52916.83,58761.78,0.0,356.21666666666664,RTGS,0,31,9,21,8,0.8166960909487291,0.8869889803938478,28,297.4005555555556,MCH-2008
TXN-SYN-10674,TXN-SYN-10021,NORM-1107,13625.79,4130.86,9494.93,146.91666666666666,UPI,0,6,17,6,15,1.0,0.49908380750313436,20,163.10277777777776,NORM-1046
TXN-SYN-11976,TXN-SYN-10664,NORM-1024,9407.99,14409.05,0.0,232.43333333333334,UPI,0,9,13,9,12,1.0,0.4641595020834432,20,148.7296296296296,NORM-1011
TXN-SYN-10584,TXN-SYN-10870,NORM-1081,16108.78,24746.71,0.0,215.38333333333333,NEFT,0,9,10,6,9,1.0,0.43156480096912797,15,231.69791666666669,MCH-2005
TXN-SYN-11293,TXN-SYN-11381,MCH-2014,22099.38,105239.16,0.0,148.75,RTGS,0,27,11,20,9,0.8008858467941137,0.8991481754127669,27,418.02160493827165,MCH-2025
TXN-SYN-11021,TXN-SYN-11177,MCH-2028,116759.76,143193.72,0.0,946.8166666666667,RTGS,0,28,3,26,3,0.18395959630467112,0.6815808277909086,29,636.2574074074074,MCH-2024
TXN-SYN-11250,TXN-SYN-10992,MCH-2012,20946.41,58761.78,0.0,343.98333333333335,RTGS,0,31,9,21,8,0.8166960909487291,0.8869889803938478,28,297.4005555555556,MCH-2008
TXN-SYN-10090,TXN-SYN-10101,NORM-1017,2391.64,3854.63,0.0,190.61666666666667,UPI,0,14,22,14,20,1.0,0.7948774563921396,29,108.70238095238095,NORM-1091
TXN-SYN-10151,TXN-SYN-11910,NORM-1091,13532.97,7807.29,5725.679999999999,265.3833333333333,UPI,0,10,11,10,11,1.0,0.4695360536612633,20,670.9875,NORM-1072
TXN-SYN-10852,TXN-SYN-11389,MCH-2010,75961.16,107781.91,0.0,195.68333333333334,RTGS,0,31,9,26,9,0.5815589894687686,0.8669371831766024,33,661.4083333333333,MCH-2008
TXN-SYN-10630,TXN-SYN-11102,NORM-1070,15995.13,7387.87,8607.259999999998,41.93333333333333,NEFT,0,12,26,11,25,1.0,0.8800144095926716,34,102.13787878787879,MCH-2030
TXN-SYN-10424,TXN-SYN-11304,NORM-1095,4459.32,34732.45,0.0,127.81666666666666,NEFT,0,12,19,11,18,1.0,0.6891824295533282,26,98.3263888888889,MCH-2005
TXN-SYN-10888,TXN-SYN-11369,MCH-2009,25497.01,75939.81,0.0,231.66666666666666,RTGS,0,27,11,20,10,0.6228123125366313,0.8066227977074931,28,210.48333333333332,MCH-2025
TXN-SYN-10322,TXN-SYN-10356,NORM-1102,14566.46,1681.66,12884.8,136.43333333333334,UPI,0,12,15,11,13,1.0,0.5872402126631223,21,112.10555555555557,NORM-1094
TXN-SYN-11286,TXN-SYN-10841,MCH-2004,25440.29,94949.51,0.0,50.71666666666667,RTGS,0,17,20,17,14,1.0,0.788660343173825,31,99.37564102564102,MCH-2035
TXN-SYN-10586,TXN-SYN-10993,NORM-1094,10395.94,21964.34,0.0,4.05,NEFT,0,12,12,12,11,1.0,0.5460647314233708,23,169.33181818181816,MCH-2018
TXN-SYN-10547,TXN-SYN-11304,NORM-1095,3710.14,34732.45,0.0,118.28333333333333,NEFT,0,12,19,11,18,1.0,0.6891824295533282,26,98.3263888888889,MCH-2005
TXN-SYN-10481,TXN-SYN-10280,NORM-1022,2243.63,2726.69,0.0,36.53333333333333,UPI,0,12,16,12,14,1.0,0.6766826438957587,26,226.41363636363633,NORM-1010
TXN-SYN-10993,TXN-SYN-11325,MCH-2018,21964.34,58209.67,0.0,627.5666666666667,RTGS,0,22,7,19,5,0.8577441564033355,0.6701974000962927,23,479.6236842105262,MCH-2003
TXN-SYN-11870,TXN-SYN-11788,NORM-1008,3602.2,4244.54,0.0,800.85,UPI,0,11,16,11,14,1.0,0.6092859694980913,25,510.5969696969696,NORM-1023
TXN-SYN-10077,TXN-SYN-11387,NORM-1079,7605.09,30155.36,0.0,210.2,NEFT,0,12,22,12,20,1.0,0.7325218140687279,30,175.80454545454543,MCH-2014
TXN-SYN-10267,TXN-SYN-10056,NORM-1012,11498.09,4642.18,6855.91,83.1,UPI,0,17,21,16,21,1.0,0.8985221674876848,33,196.0607843137255,NORM-1080
TXN-SYN-10041,TXN-SYN-11810,NORM-1061,3270.18,2249.94,1020.2399999999998,26.516666666666666,UPI,0,1,9,1,8,1.0,0.23964692020423242,8,26.516666666666666,NORM-1068
TXN-SYN-10899,TXN-SYN-10992,MCH-2012,5203.01,58761.78,0.0,312.71666666666664,RTGS,0,31,9,21,8,0.8166960909487291,0.8869889803938478,28,297.4005555555556,MCH-2008
TXN-SYN-10527,TXN-SYN-10062,NORM-1009,2740.94,12975.3,0.0,430.45,UPI,0,14,14,13,14,0.5260067687682748,0.5960159174092229,26,222.03690476190474,NORM-1068
TXN-SYN-11786,TXN-SYN-10021,NORM-1107,7640.04,4130.86,3509.1800000000003,105.78333333333333,UPI,0,6,17,6,15,1.0,0.49908380750313436,20,163.10277777777776,NORM-1046
TXN-SYN-10713,TXN-SYN-10920,MCH-2031,20716.69,144121.63,0.0,198.8,RTGS,0,25,7,22,7,0.6879843239693775,0.6797984208849182,25,399.8557971014493,MCH-2029
TXN-SYN-11881,TXN-SYN-11477,NORM-1092,11721.0,12869.6,0.0,45.166666666666664,NEFT,0,14,16,14,16,1.0,0.6852922327201659,27,210.33809523809526,MCH-2025
TXN-SYN-10335,TXN-SYN-10401,NORM-1068,1302.97,9590.14,0.0,419.8833333333333,UPI,0,7,12,7,11,1.0,0.42395730675542503,16,215.95000000000002,NORM-1005
TXN-SYN-10610,TXN-SYN-10039,NORM-1066,11871.93,3998.38,7873.55,365.1166666666667,UPI,0,9,12,7,11,1.0,0.4985524832002321,18,197.34259259259258,NORM-1060
TXN-SYN-11001,TXN-SYN-11204,MCH-2008,34486.87,184755.85,0.0,140.63333333333333,RTGS,0,39,3,34,3,0.2427401117423724,0.9007989228541982,37,628.5277777777779,MCH-2007
TXN-SYN-11413,TXN-SYN-11042,MCH-2029,5376.97,241213.56,0.0,671.0,RTGS,0,26,4,25,4,0.4768410431001316,0.6276223573030835,28,525.5410256410257,MCH-2019
TXN-SYN-11915,TXN-SYN-10437,NORM-1029,9310.08,8344.88,965.2000000000007,307.98333333333335,UPI,0,12,14,11,12,1.0,0.592476310442395,22,328.7111111111111,NORM-1012
TXN-SYN-10719,TXN-SYN-11348,MCH-2021,98128.76,199435.4,0.0,603.15,RTGS,0,26,6,22,6,0.6936701868421437,0.6126225776945822,28,296.9126666666667,MCH-2010
TXN-SYN-11481,TXN-SYN-10965,MCH-2030,13540.38,173657.96,0.0,108.15,RTGS,0,20,4,20,4,0.4328675652225954,0.6275330108510917,23,272.29912280701757,MCH-2032
TXN-SYN-11102,TXN-SYN-10965,MCH-2030,7387.87,173657.96,0.0,106.2,RTGS,0,20,4,20,4,0.4328675652225954,0.6275330108510917,23,272.29912280701757,MCH-2032
TXN-SYN-10290,TXN-SYN-11928,NORM-1073,6209.39,5409.96,799.4300000000003,287.5,UPI,0,14,20,14,19,1.0,0.7206443408223824,30,128.97976190476194,NORM-1033
TXN-SYN-10979,TXN-SYN-10750,MCH-2032,17828.29,155473.63,0.0,19.866666666666667,RTGS,0,19,7,19,7,0.656855049932113,0.5553445984431366,25,205.62051282051283,MCH-2007
TXN-SYN-11862,TXN-SYN-10034,NORM-1086,1442.7,7301.22,0.0,79.78333333333333,UPI,0,13,18,11,18,1.0,0.6788981896048277,26,144.0111111111111,NORM-1056
TXN-SYN-11810,TXN-SYN-10401,NORM-1068,2249.94,9590.14,0.0,397.5,UPI,0,7,12,7,11,1.0,0.42395730675542503,16,215.95000000000002,NORM-1005
TXN-SYN-10084,TXN-SYN-10572,NORM-1015,13968.84,12565.74,1403.1000000000004,285.6,UPI,0,18,19,16,19,0.540306292548446,0.814519482425458,33,91.19880952380952,NORM-1080
TXN-SYN-10442,TXN-SYN-11304,NORM-1095,13382.85,34732.45,0.0,80.0,NEFT,0,12,19,11,18,1.0,0.6891824295533282,26,98.3263888888889,MCH-2005
TXN-SYN-10280,TXN-SYN-11343,NORM-1010,2726.69,658.18,2068.51,116.56666666666666,UPI,0,18,17,16,16,0.4961328133372379,0.7617942067364373,27,194.57592592592593,MCH-2029
TXN-SYN-10883,TXN-SYN-10750,MCH-2032,14506.47,155473.63,0.0,10.116666666666667,RTGS,0,19,7,19,7,0.656855049932113,0.5553445984431366,25,205.62051282051283,MCH-2007
TXN-SYN-10934,TXN-SYN-10965,MCH-2030,239236.38,173657.96,65578.42000000001,87.91666666666667,RTGS,0,20,4,20,4,0.4328675652225954,0.6275330108510917,23,272.29912280701757,MCH-2032
TXN-SYN-11212,TXN-SYN-11369,MCH-2009,159664.33,75939.81,83724.51999999999,174.56666666666666,RTGS,0,27,11,20,10,0.6228123125366313,0.8066227977074931,28,210.48333333333332,MCH-2025
TXN-SYN-10750,TXN-SYN-11523,MCH-2007,155473.63,114047.64,41425.990000000005,642.8333333333334,NEFT,0,21,14,21,8,1.0,0.6929168499780026,28,283.69629629629634,MCH-2014
TXN-SYN-10321,TXN-SYN-11803,NORM-1070,6155.07,5905.93,249.13999999999942,95.91666666666667,UPI,0,12,26,11,25,1.0,0.8800144095926716,34,102.13787878787879,NORM-1026
TXN-SYN-10845,TXN-SYN-11255,MCH-2011,32995.16,100897.15,0.0,149.4,RTGS,0,29,7,23,6,0.8184959097255264,0.802213515069358,28,293.1798850574713,MCH-2005
TXN-SYN-11421,TXN-SYN-10936,MCH-2005,7606.64,101791.31,0.0,126.68333333333334,RTGS,0,30,11,26,4,0.5749206075508325,0.8868753267198232,29,196.39259259259256,MCH-2026
TXN-SYN-10445,TXN-SYN-11970,NORM-1084,1256.9,7699.73,0.0,244.08333333333334,UPI,0,8,20,8,18,1.0,0.6254343293954134,25,124.0,NORM-1041
TXN-SYN-11808,TXN-SYN-11334,NORM-1088,7688.8,29791.83,0.0,102.41666666666667,NEFT,0,11,21,10,21,1.0,0.7038424175031923,28,80.69074074074074,MCH-2008
TXN-SYN-11477,TXN-SYN-11051,MCH-2025,12869.6,128493.84,0.0,178.2,RTGS,0,26,6,24,6,1.0,0.5005866249511146,30,280.2953703703704,MCH-2013
TXN-SYN-10967,TXN-SYN-11499,MCH-2003,29189.55,106503.16,0.0,380.9166666666667,NEFT,0,27,18,22,12,1.0,0.9491223547608446,33,172.86014492753625,MCH-2010
TXN-SYN-10761,TXN-SYN-11255,MCH-2011,1297.14,100897.15,0.0,137.86666666666667,RTGS,0,29,7,23,6,0.8184959097255264,0.802213515069358,28,293.1798850574713,MCH-2005
TXN-SYN-11068,TXN-SYN-11168,MCH-2004,27544.01,171809.5,0.0,82.35,RTGS,0,17,20,17,14,1.0,0.788660343173825,31,99.37564102564102,MCH-2006
TXN-SYN-11814,TXN-SYN-11334,NORM-1088,6021.8,29791.83,0.0,92.11666666666666,NEFT,0,11,21,10,21,1.0,0.7038424175031923,28,80.69074074074074,MCH-2008
TXN-SYN-11040,TXN-SYN-11523,MCH-2007,27283.93,114047.64,0.0,626.9666666666667,NEFT,0,21,14,21,8,1.0,0.6929168499780026,28,283.69629629629634,MCH-2014
TXN-SYN-10764,TXN-SYN-11177,MCH-2028,22792.06,143193.72,0.0,856.4166666666666,RTGS,0,28,3,26,3,0.18395959630467112,0.6815808277909086,29,636.2574074074074,MCH-2024
TXN-SYN-11886,TXN-SYN-10985,NORM-1100,8659.77,22814.93,0.0,641.75,NEFT,0,11,11,11,11,1.0,0.4946506529763355,20,209.14629629629633,MCH-2030
TXN-SYN-11458,TXN-SYN-10941,MCH-2022,75272.85,235175.54,0.0,59.483333333333334,RTGS,0,14,8,12,7,1.0,0.5007587253414264,17,233.9969696969697,MCH-2014
TXN-SYN-11883,TXN-SYN-10356,NORM-1102,5800.55,1681.66,4118.89,53.8,UPI,0,12,15,11,13,1.0,0.5872402126631223,21,112.10555555555557,NORM-1094
TXN-SYN-11112,TXN-SYN-11189,MCH-2015,8132.12,156118.09,0.0,37.733333333333334,RTGS,0,25,13,23,10,1.0,0.8303893360527371,32,116.27500000000002,MCH-2033
TXN-SYN-11036,TXN-SYN-10877,MCH-2016,3523.67,112921.83,0.0,151.5,RTGS,0,28,4,26,4,0.6234034653990607,0.6765129048360102,29,400.08750000000003,MCH-2009
TXN-SYN-10261,TXN-SYN-10659,NORM-1110,11455.39,5218.71,6236.679999999999,51.0,UPI,0,5,19,5,15,1.0,0.5426181324892607,20,58.83333333333333,NORM-1085
TXN-SYN-11119,TXN-SYN-10965,MCH-2030,23527.97,173657.96,0.0,54.53333333333333,RTGS,0,20,4,20,4,0.4328675652225954,0.6275330108510917,23,272.29912280701757,MCH-2032
TXN-SYN-10983,TXN-SYN-10955,MCH-2033,14819.08,184464.77,0.0,234.58333333333334,RTGS,0,21,7,17,6,0.9203997543136714,0.6931407942238267,22,377.7255555555556,MCH-2021
TXN-SYN-10831,TXN-SYN-11499,MCH-2003,13434.98,106503.16,0.0,353.18333333333334,NEFT,0,27,18,22,12,1.0,0.9491223547608446,33,172.86014492753625,MCH-2010
TXN-SYN-10056,TXN-SYN-10460,NORM-1080,4642.18,14489.66,0.0,232.23333333333332,UPI,0,11,13,10,12,1.0,0.5431161287889265,21,83.52,NORM-1012
TXN-SYN-10330,TXN-SYN-10157,NORM-1071,8553.77,5372.73,3181.040000000001,324.5,UPI,0,13,20,13,18,1.0,0.7230235530399854,30,223.20256410256408,NORM-1097
TXN-SYN-11085,TXN-SYN-10920,MCH-2031,3484.38,144121.63,0.0,118.51666666666667,RTGS,0,25,7,22,7,0.6879843239693775,0.6797984208849182,25,399.8557971014493,MCH-2029
TXN-SYN-10862,TXN-SYN-11369,MCH-2009,3443.03,75939.81,0.0,128.28333333333333,RTGS,0,27,11,20,10,0.6228123125366313,0.8066227977074931,28,210.48333333333332,MCH-2025
TXN-SYN-11151,TXN-SYN-11255,MCH-2011,26769.21,100897.15,0.0,104.71666666666667,RTGS,0,29,7,23,6,0.8184959097255264,0.802213515069358,28,293.1798850574713,MCH-2005
TXN-SYN-10367,TXN-SYN-10212,NORM-1103,3842.69,7526.97,0.0,44.11666666666667,UPI,0,12,11,12,11,0.9101937353061555,0.49397741306176507,23,138.8651515151515,NORM-1080
TXN-SYN-10526,TXN-SYN-10401,NORM-1068,7661.04,9590.14,0.0,332.9,UPI,0,7,12,7,11,1.0,0.42395730675542503,16,215.95000000000002,NORM-1005
TXN-SYN-10466,TXN-SYN-11304,NORM-1095,4144.18,34732.45,0.0,15.566666666666666,NEFT,0,12,19,11,18,1.0,0.6891824295533282,26,98.3263888888889,MCH-2005
TXN-SYN-10240,TXN-SYN-10978,NORM-1020,4979.3,20315.51,0.0,129.56666666666666,NEFT,0,13,18,12,16,1.0,0.6748625783862561,28,114.84102564102562,MCH-2030
TXN-SYN-10020,TXN-SYN-11750,NORM-1045,5714.32,5021.5,692.8199999999997,38.85,UPI,0,2,9,2,9,1.0,0.27124773960216997,11,297.125,NORM-1083
TXN-SYN-10964,TXN-SYN-11449,MCH-2026,24741.45,232185.27,0.0,436.76666666666665,RTGS,0,19,6,19,6,0.7349821465112782,0.5605485902202956,24,297.7166666666667,MCH-2033
TXN-SYN-11139,TXN-SYN-11177,MCH-2028,10428.28,143193.72,0.0,813.3333333333334,RTGS,0,28,3,26,3,0.18395959630467112,0.6815808277909086,29,636.2574074074074,MCH-2024
TXN-SYN-10397,TXN-SYN-10306,NORM-1082,17355.55,17872.93,0.0,168.51666666666668,UPI,0,13,19,9,18,1.0,0.7073082378078357,24,119.71666666666667,NORM-1014
TXN-SYN-11963,TXN-SYN-11787,NORM-1031,3557.73,5480.62,0.0,622.85,UPI,0,5,9,5,9,1.0,0.343551256620519,14,594.5733333333333,NORM-1054
TXN-SYN-11189,TXN-SYN-10955,MCH-2033,156118.09,184464.77,0.0,199.41666666666666,RTGS,0,21,7,17,6,0.9203997543136714,0.6931407942238267,22,377.7255555555556,MCH-2021
TXN-SYN-10021,TXN-SYN-11098,NORM-1046,4130.86,4756.78,0.0,733.9333333333333,NEFT,0,1,9,1,9,1.0,0.20921231563164686,10,733.9333333333333,MCH-2009
TXN-SYN-11444,TXN-SYN-11177,MCH-2028,182874.91,143193.72,39681.19,807.6166666666667,RTGS,0,28,3,26,3,0.18395959630467112,0.6815808277909086,29,636.2574074074074,MCH-2024
TXN-SYN-11304,TXN-SYN-10936,MCH-2005,34732.45,101791.31,0.0,60.21666666666667,RTGS,0,30,11,26,4,0.5749206075508325,0.8868753267198232,29,196.39259259259256,MCH-2026
TXN-SYN-11381,TXN-SYN-11051,MCH-2025,105239.16,128493.84,0.0,114.7,RTGS,0,26,6,24,6,1.0,0.5005866249511146,30,280.2953703703704,MCH-2013
TXN-SYN-11208,TXN-SYN-11193,MCH-2015,142947.19,134317.66,8629.529999999999,554.1666666666666,RTGS,0,25,13,23,10,1.0,0.8303893360527371,32,116.27500000000002,MCH-2033
TXN-SYN-11902,TXN-SYN-11835,NORM-1036,1838.96,1262.77,576.19,92.46666666666667,UPI,0,6,5,6,5,0.24972184701876418,0.2738343025869044,11,514.7194444444444,NORM-1008
TXN-SYN-11018,TXN-SYN-10784,MCH-2034,98474.0,62846.31,35627.69,288.3666666666667,RTGS,0,23,9,22,9,1.0,0.7372752814381989,28,228.65606060606058,MCH-2023
TXN-SYN-10356,TXN-SYN-10421,NORM-1094,1681.66,13228.67,0.0,78.66666666666667,UPI,0,12,12,12,11,1.0,0.5460647314233708,23,169.33181818181816,NORM-1005
TXN-SYN-11770,TXN-SYN-11745,NORM-1018,7580.71,6327.58,1253.13,147.2,UPI,0,11,16,10,16,1.0,0.6385830289333299,26,141.43333333333334,NORM-1029
TXN-SYN-11742,TXN-SYN-10124,NORM-1013,3822.14,9230.97,0.0,296.0,UPI,0,12,14,11,13,0.8074267314554087,0.5945650654910879,24,167.3,NORM-1068
TXN-SYN-10659,TXN-SYN-10081,NORM-1085,5218.71,14366.04,0.0,116.26666666666667,UPI,0,16,13,14,12,1.0,0.6583220355014661,24,212.5033333333333,NORM-1080
TXN-SYN-11460,TXN-SYN-11449,MCH-2026,23226.5,232185.27,0.0,412.6666666666667,RTGS,0,19,6,19,6,0.7349821465112782,0.5605485902202956,24,297.7166666666667,MCH-2033
TXN-SYN-10941,TXN-SYN-11352,MCH-2014,235175.54,241322.22,0.0,603.9666666666667,RTGS,0,27,11,20,9,0.8008858467941137,0.8991481754127669,27,418.02160493827165,MCH-2009
TXN-SYN-11297,TXN-SYN-11352,MCH-2014,163428.3,241322.22,0.0,603.6666666666666,RTGS,0,27,11,20,9,0.8008858467941137,0.8991481754127669,27,418.02160493827165,MCH-2009
TXN-SYN-11425,TXN-SYN-11180,MCH-2023,25820.38,113509.88,0.0,9.083333333333334,RTGS,0,35,8,31,6,0.6193581742780404,0.9352457134571466,36,554.3409523809524,MCH-2022
TXN-SYN-10147,TXN-SYN-11334,NORM-1088,8663.92,29791.83,0.0,21.033333333333335,NEFT,0,11,21,10,21,1.0,0.7038424175031923,28,80.69074074074074,MCH-2008
TXN-SYN-10193,TXN-SYN-11745,NORM-1018,5159.03,6327.58,0.0,136.78333333333333,UPI,0,11,16,10,16,1.0,0.6385830289333299,26,141.43333333333334,NORM-1029
TXN-SYN-10643,TXN-SYN-11767,NORM-1030,7512.53,4360.7,3151.83,3.5,UPI,0,10,14,9,14,1.0,0.5709829630314965,23,99.05740740740741,NORM-1039
TXN-SYN-10212,TXN-SYN-10460,NORM-1080,7526.97,14489.66,0.0,176.88333333333333,UPI,0,11,13,10,12,1.0,0.5431161287889265,21,83.52,NORM-1012
TXN-SYN-10640,TXN-SYN-10011,NORM-1076,13939.1,1887.36,12051.74,83.86666666666666,UPI,0,7,16,7,14,1.0,0.5101129271733706,21,153.70833333333334,NORM-1039
TXN-SYN-10361,TXN-SYN-10472,NORM-1027,13921.55,10405.65,3515.8999999999996,51.65,UPI,0,12,16,11,16,1.0,0.7153146887884357,26,83.9763888888889,NORM-1096
TXN-SYN-10050,TXN-SYN-10784,MCH-2034,821.84,62846.31,0.0,270.96666666666664,RTGS,0,23,9,22,9,1.0,0.7372752814381989,28,228.65606060606058,MCH-2023
TXN-SYN-11180,TXN-SYN-10996,MCH-2022,113509.88,102127.08,11382.800000000003,229.15,RTGS,0,14,8,12,7,1.0,0.5007587253414264,17,233.9969696969697,MCH-2021
TXN-SYN-11750,TXN-SYN-10797,NORM-1083,5021.5,6852.58,0.0,25.7,NEFT,0,13,14,13,12,1.0,0.572583162991806,25,144.47083333333333,MCH-2027
TXN-SYN-11803,TXN-SYN-11417,NORM-1026,5905.93,24573.46,0.0,122.73333333333333,NEFT,0,9,18,9,16,1.0,0.5876449463743758,25,162.84166666666664,MCH-2007
TXN-SYN-11168,TXN-SYN-11515,MCH-2006,171809.5,115796.31,56013.19,117.55,NEFT,0,21,16,17,11,1.0,0.8198386173532507,27,121.12416666666665,MCH-2013
TXN-SYN-11343,TXN-SYN-11042,MCH-2029,658.18,241213.56,0.0,532.8,RTGS,0,26,4,25,4,0.4768410431001316,0.6276223573030835,28,525.5410256410257,MCH-2019
TXN-SYN-11204,TXN-SYN-11523,MCH-2007,184755.85,114047.64,70708.21,537.15,NEFT,0,21,14,21,8,1.0,0.6929168499780026,28,283.69629629629634,MCH-2014
TXN-SYN-10253,TXN-SYN-10132,NORM-1006,15857.98,3049.94,12808.039999999999,59.016666666666666,UPI,0,15,19,15,18,0.897668609769335,0.7273461965855137,31,154.69285714285712,NORM-1096
TXN-SYN-11226,TXN-SYN-11042,MCH-2029,184661.17,241213.56,0.0,527.9833333333333,RTGS,0,26,4,25,4,0.4768410431001316,0.6276223573030835,28,525.5410256410257,MCH-2019
TXN-SYN-10014,TXN-SYN-11389,MCH-2010,637.16,107781.91,0.0,17.716666666666665,RTGS,0,31,9,26,9,0.5815589894687686,0.8669371831766024,33,661.4083333333333,MCH-2008
TXN-SYN-11932,TXN-SYN-11052,NORM-1062,2336.5,1642.94,693.56,459.21666666666664,UPI,0,5,9,5,9,1.0,0.33305578684429643,14,254.28999999999996,MCH-2001
TXN-SYN-10101,TXN-SYN-11910,NORM-1091,3854.63,7807.29,0.0,77.2,UPI,0,10,11,10,11,1.0,0.4695360536612633,20,670.9875,NORM-1072
TXN-SYN-10797,TXN-SYN-11416,MCH-2027,6852.58,145712.98,0.0,416.3,RTGS,0,26,3,24,3,0.300921650687241,0.4783220243467743,27,475.5785714285714,MCH-2001
TXN-SYN-11844,TXN-SYN-11966,NORM-1021,5912.63,10851.07,0.0,158.2,UPI,0,8,12,7,12,1.0,0.4459391664653747,17,240.21875,NORM-1006
TXN-SYN-10058,TXN-SYN-10266,NORM-1017,2095.38,15484.18,0.0,128.75,UPI,0,14,22,14,20,1.0,0.7948774563921396,29,108.70238095238095,NORM-1022
TXN-SYN-10811,TXN-SYN-11389,MCH-2010,26017.16,107781.91,0.0,2.95,RTGS,0,31,9,26,9,0.5815589894687686,0.8669371831766024,33,661.4083333333333,MCH-2008
TXN-SYN-10936,TXN-SYN-11449,MCH-2026,101791.31,232185.27,0.0,366.75,RTGS,0,19,6,19,6,0.7349821465112782,0.5605485902202956,24,297.7166666666667,MCH-2033
TXN-SYN-10149,TXN-SYN-10132,NORM-1006,5327.93,3049.94,2277.9900000000002,37.983333333333334,UPI,0,15,19,15,18,0.897668609769335,0.7273461965855137,31,154.69285714285712,NORM-1096
TXN-SYN-10691,TXN-SYN-10062,NORM-1009,6871.8,12975.3,0.0,257.45,UPI,0,14,14,13,14,0.5260067687682748,0.5960159174092229,26,222.03690476190474,NORM-1068
TXN-SYN-10870,TXN-SYN-11512,MCH-2005,24746.71,45563.52,0.0,301.85,NEFT,0,30,11,26,4,0.5749206075508325,0.8868753267198232,29,196.39259259259256,MCH-2012
TXN-SYN-11774,TXN-SYN-11130,NORM-1099,7919.53,9933.79,0.0,166.0,NEFT,0,11,14,10,13,1.0,0.5656926277679655,22,208.42727272727276,MCH-2023
TXN-SYN-10872,TXN-SYN-11352,MCH-2014,1885.17,241322.22,0.0,545.8666666666667,RTGS,0,27,11,20,9,0.8008858467941137,0.8991481754127669,27,418.02160493827165,MCH-2009
TXN-SYN-11329,TXN-SYN-10913,MCH-2024,22521.17,131794.69,0.0,126.31666666666666,RTGS,0,18,11,17,9,1.0,0.590658097220965,25,146.028125,MCH-2003
TXN-SYN-11332,TXN-SYN-10996,MCH-2022,1543.49,102127.08,0.0,180.23333333333332,RTGS,0,14,8,12,7,1.0,0.5007587253414264,17,233.9969696969697,MCH-2021
TXN-SYN-10472,TXN-SYN-10943,NORM-1096,10405.65,6822.22,3583.4299999999994,130.63333333333333,NEFT,0,15,13,13,13,1.0,0.6187845303867403,24,164.67261904761904,MCH-2016
TXN-SYN-10652,TXN-SYN-10264,NORM-1108,974.94,10974.09,0.0,137.03333333333333,UPI,0,6,9,6,9,1.0,0.47860035983656685,15,174.29999999999998,NORM-1102
TXN-SYN-11849,TXN-SYN-11889,NORM-1069,10111.7,1187.43,8924.27,29.466666666666665,UPI,0,15,15,15,15,1.0,0.6611813106082868,26,221.37380952380954,NORM-1010
TXN-SYN-11255,TXN-SYN-11512,MCH-2005,100897.15,45563.52,55333.63,286.76666666666665,NEFT,0,30,11,26,4,0.5749206075508325,0.8868753267198232,29,196.39259259259256,MCH-2012
TXN-SYN-11859,TXN-SYN-10266,NORM-1017,1121.07,15484.18,0.0,104.11666666666666,UPI,0,14,22,14,20,1.0,0.7948774563921396,29,108.70238095238095,NORM-1022
TXN-SYN-10664,TXN-SYN-10459,NORM-1011,14409.05,4540.43,9868.619999999999,45.18333333333333,UPI,0,14,16,14,15,0.6038315617227421,0.6408126453695353,29,110.81153846153846,NORM-1094
TXN-SYN-11975,TXN-SYN-10284,NORM-1023,8778.94,5279.53,3499.4100000000008,83.61666666666666,UPI,0,14,19,13,17,1.0,0.7514374086794816,29,80.57083333333334,NORM-1108
TXN-SYN-11503,TXN-SYN-11430,MCH-2011,53188.37,126898.93,0.0,56.05,RTGS,0,29,7,23,6,0.8184959097255264,0.802213515069358,28,293.1798850574713,MCH-2003
TXN-SYN-10937,TXN-SYN-11369,MCH-2009,18322.65,75939.81,0.0,16.083333333333332,RTGS,0,27,11,20,10,0.6228123125366313,0.8066227977074931,28,210.48333333333332,MCH-2025
TXN-SYN-10421,TXN-SYN-10693,NORM-1005,13228.67,3657.96,9570.71,104.61666666666666,UPI,0,14,17,13,17,1.0,0.6878995025672952,28,126.5845238095238,NORM-1028
TXN-SYN-10920,TXN-SYN-11042,MCH-2029,144121.63,241213.56,0.0,478.53333333333336,RTGS,0,26,4,25,4,0.4768410431001316,0.6276223573030835,28,525.5410256410257,MCH-2019
TXN-SYN-10850,TXN-SYN-10804,MCH-2031,24487.14,223858.67,0.0,381.3,RTGS,0,25,7,22,7,0.6879843239693775,0.6797984208849182,25,399.8557971014493,MCH-2015
TXN-SYN-10854,TXN-SYN-11494,MCH-2002,152517.09,96358.15,56158.94,294.05,NEFT,0,20,9,17,5,1.0,0.7362430448304313,21,240.65588235294115,MCH-2009
TXN-SYN-11092,TXN-SYN-11051,MCH-2025,13608.23,128493.84,0.0,22.45,RTGS,0,26,6,24,6,1.0,0.5005866249511146,30,280.2953703703704,MCH-2013
TXN-SYN-11387,TXN-SYN-11352,MCH-2014,30155.36,241322.22,0.0,523.55,RTGS,0,27,11,20,9,0.8008858467941137,0.8991481754127669,27,418.02160493827165,MCH-2009
TXN-SYN-10810,TXN-SYN-10913,MCH-2024,20735.25,131794.69,0.0,102.33333333333333,RTGS,0,18,11,17,9,1.0,0.590658097220965,25,146.028125,MCH-2003
TXN-SYN-10132,TXN-SYN-10943,NORM-1096,3049.94,6822.22,0.0,109.0,NEFT,0,15,13,13,13,1.0,0.6187845303867403,24,164.67261904761904,MCH-2016
TXN-SYN-10417,TXN-SYN-11826,NORM-1028,14061.14,11055.72,3005.42,99.31666666666666,UPI,0,8,15,8,15,1.0,0.5601331330925031,23,94.91874999999999,NORM-1033
TXN-SYN-11835,TXN-SYN-11788,NORM-1008,1262.77,4244.54,0.0,585.7666666666667,UPI,0,11,16,11,14,1.0,0.6092859694980913,25,510.5969696969696,NORM-1023
TXN-SYN-10910,TXN-SYN-11325,MCH-2018,32968.61,58209.67,0.0,409.8833333333333,RTGS,0,22,7,19,5,0.8577441564033355,0.6701974000962927,23,479.6236842105262,MCH-2003
TXN-SYN-11369,TXN-SYN-11051,MCH-2025,75939.81,128493.84,0.0,11.316666666666666,RTGS,0,26,6,24,6,1.0,0.5005866249511146,30,280.2953703703704,MCH-2013
TXN-SYN-10673,TXN-SYN-10284,NORM-1023,14589.32,5279.53,9309.79,63.233333333333334,UPI,0,14,19,13,17,1.0,0.7514374086794816,29,80.57083333333334,NORM-1108
TXN-SYN-10273,TXN-SYN-10572,NORM-1015,8058.0,12565.74,0.0,98.65,UPI,0,18,19,16,19,0.540306292548446,0.814519482425458,33,91.19880952380952,NORM-1080
TXN-SYN-10714,TXN-SYN-11515,MCH-2006,3439.66,115796.31,0.0,40.983333333333334,NEFT,0,21,16,17,11,1.0,0.8198386173532507,27,121.12416666666665,MCH-2013
TXN-SYN-10879,TXN-SYN-11042,MCH-2029,19548.66,241213.56,0.0,462.18333333333334,RTGS,0,26,4,25,4,0.4768410431001316,0.6276223573030835,28,525.5410256410257,MCH-2019
TXN-SYN-11889,TXN-SYN-11796,NORM-1010,1187.43,10409.75,0.0,301.8,UPI,0,18,17,16,16,0.4961328133372379,0.7617942067364373,27,194.57592592592593,NORM-1066
TXN-SYN-11452,TXN-SYN-11177,MCH-2028,31635.77,143193.72,0.0,696.05,RTGS,0,28,3,26,3,0.18395959630467112,0.6815808277909086,29,636.2574074074074,MCH-2024
TXN-SYN-10877,TXN-SYN-10906,MCH-2009,112921.83,46551.98,66369.85,114.23333333333333,RTGS,0,27,11,20,10,0.6228123125366313,0.8066227977074931,28,210.48333333333332,MCH-2035
TXN-SYN-11019,TXN-SYN-11325,MCH-2018,12388.79,58209.67,0.0,397.1166666666667,RTGS,0,22,7,19,5,0.8577441564033355,0.6701974000962927,23,479.6236842105262,MCH-2003
TXN-SYN-10978,TXN-SYN-11337,MCH-2030,20315.51,117893.29,0.0,709.1666666666666,RTGS,0,20,4,20,4,0.4328675652225954,0.6275330108510917,23,272.29912280701757,MCH-2016
TXN-SYN-11051,TXN-SYN-10887,MCH-2013,128493.84,167865.21,0.0,423.35,RTGS,0,26,8,21,7,0.7886574067900582,0.8154129027100487,28,320.3467948717949,MCH-2020
TXN-SYN-11224,TXN-SYN-10784,MCH-2034,14015.78,62846.31,0.0,179.21666666666667,RTGS,0,23,9,22,9,1.0,0.7372752814381989,28,228.65606060606058,MCH-2023
TXN-SYN-11279,TXN-SYN-11337,MCH-2030,18214.64,117893.29,0.0,699.3,RTGS,0,20,4,20,4,0.4328675652225954,0.6275330108510917,23,272.29912280701757,MCH-2016
TXN-SYN-11910,TXN-SYN-10232,NORM-1072,7807.29,10429.5,0.0,214.23333333333332,UPI,0,15,19,14,18,1.0,0.7515703768290362,31,165.275,NORM-1015
TXN-SYN-10081,TXN-SYN-10460,NORM-1080,14366.04,14489.66,0.0,73.01666666666667,UPI,0,11,13,10,12,1.0,0.5431161287889265,21,83.52,NORM-1012
TXN-SYN-11940,TXN-SYN-11052,NORM-1062,1420.82,1642.94,0.0,378.6333333333333,UPI,0,5,9,5,9,1.0,0.33305578684429643,14,254.28999999999996,MCH-2001
TXN-SYN-10459,TXN-SYN-11784,NORM-1094,4540.43,5849.69,0.0,517.85,UPI,0,12,12,12,11,1.0,0.5460647314233708,23,169.33181818181816,NORM-1030
TXN-SYN-10618,TXN-SYN-11796,NORM-1010,4623.74,10409.75,0.0,267.81666666666666,UPI,0,18,17,16,16,0.4961328133372379,0.7617942067364373,27,194.57592592592593,NORM-1066
TXN-SYN-11927,TXN-SYN-10175,NORM-1092,10662.89,15826.24,0.0,40.93333333333333,UPI,0,14,16,14,16,1.0,0.6852922327201659,27,210.33809523809526,NORM-1012
TXN-SYN-11430,TXN-SYN-11499,MCH-2003,126898.93,106503.16,20395.76999999999,176.4,NEFT,0,27,18,22,12,1.0,0.9491223547608446,33,172.86014492753625,MCH-2010
TXN-SYN-11515,TXN-SYN-10887,MCH-2013,115796.31,167865.21,0.0,392.0833333333333,RTGS,0,26,8,21,7,0.7886574067900582,0.8154129027100487,28,320.3467948717949,MCH-2020
TXN-SYN-10250,TXN-SYN-10331,NORM-1085,10016.26,12287.96,0.0,311.1333333333333,UPI,0,16,13,14,12,1.0,0.6583220355014661,24,212.5033333333333,NORM-1025
TXN-SYN-11039,TXN-SYN-11449,MCH-2026,28990.19,232185.27,0.0,278.76666666666665,RTGS,0,19,6,19,6,0.7349821465112782,0.5605485902202956,24,297.7166666666667,MCH-2033
TXN-SYN-10508,TXN-SYN-10825,NORM-1075,9366.55,508.61,8857.939999999999,259.85,UPI,0,11,23,11,21,1.0,0.7340021708234137,29,114.11000000000001,MCH-2031
TXN-SYN-10219,TXN-SYN-10410,NORM-1025,15859.75,10941.63,4918.120000000001,242.78333333333333,UPI,0,16,9,15,9,0.5469324490164661,0.5395586410316361,22,330.58000000000004,NORM-1022
TXN-SYN-11456,TXN-SYN-11494,MCH-2002,12390.85,96358.15,0.0,236.55,NEFT,0,20,9,17,5,1.0,0.7362430448304313,21,240.65588235294115,MCH-2009
TXN-SYN-11417,TXN-SYN-11523,MCH-2007,24573.46,114047.64,0.0,423.5833333333333,NEFT,0,21,14,21,8,1.0,0.6929168499780026,28,283.69629629629634,MCH-2014
TXN-SYN-11203,TXN-SYN-10955,MCH-2033,25422.1,184464.77,0.0,43.78333333333333,RTGS,0,21,7,17,6,0.9203997543136714,0.6931407942238267,22,377.7255555555556,MCH-2021
TXN-SYN-10346,TXN-SYN-10175,NORM-1092,9855.79,15826.24,0.0,27.2,UPI,0,14,16,14,16,1.0,0.6852922327201659,27,210.33809523809526,NORM-1012
TXN-SYN-11745,TXN-SYN-10437,NORM-1029,6327.58,8344.88,0.0,54.1,UPI,0,12,14,11,12,1.0,0.592476310442395,22,328.7111111111111,NORM-1012
TXN-SYN-11832,TXN-SYN-11855,NORM-1064,3358.27,2321.88,1036.3899999999999,296.68333333333334,UPI,0,5,9,5,9,1.0,0.30966029528321015,14,188.72666666666666,NORM-1080
TXN-SYN-11959,TXN-SYN-10175,NORM-1092,8994.55,15826.24,0.0,24.083333333333332,UPI,0,14,16,14,16,1.0,0.6852922327201659,27,210.33809523809526,NORM-1012
TXN-SYN-10306,TXN-SYN-11783,NORM-1014,17872.93,11397.12,6475.8099999999995,235.98333333333332,UPI,0,14,23,14,23,1.0,0.8021631908269147,36,96.43846153846152,NORM-1099
TXN-SYN-11756,TXN-SYN-10460,NORM-1080,7457.22,14489.66,0.0,34.25,UPI,0,11,13,10,12,1.0,0.5431161287889265,21,83.52,NORM-1012
TXN-SYN-10284,TXN-SYN-10264,NORM-1108,5279.53,10974.09,0.0,47.8,UPI,0,6,9,6,9,1.0,0.47860035983656685,15,174.29999999999998,NORM-1102
TXN-SYN-10621,TXN-SYN-11283,NORM-1105,9486.44,31223.47,0.0,67.5,NEFT,0,11,19,9,18,1.0,0.6783621323183026,26,86.07878787878788,MCH-2026
TXN-SYN-11941,TXN-SYN-11393,NORM-1067,2435.12,24601.59,0.0,228.23333333333332,NEFT,0,12,19,11,17,1.0,0.7465881723307465,26,120.43333333333332,MCH-2010
TXN-SYN-10793,TXN-SYN-11449,MCH-2026,90923.13,232185.27,0.0,251.25,RTGS,0,19,6,19,6,0.7349821465112782,0.5605485902202956,24,297.7166666666667,MCH-2033
TXN-SYN-11823,TXN-SYN-11966,NORM-1021,1924.22,10851.07,0.0,37.083333333333336,UPI,0,8,12,7,12,1.0,0.4459391664653747,17,240.21875,NORM-1006
TXN-SYN-10175,TXN-SYN-10004,NORM-1012,15826.24,11616.94,4209.299999999999,40.583333333333336,UPI,0,17,21,16,21,1.0,0.8985221674876848,33,196.0607843137255,NORM-1033
TXN-SYN-10266,TXN-SYN-10998,NORM-1022,15484.18,9314.08,6170.1,25.383333333333333,NEFT,0,12,16,12,14,1.0,0.6766826438957587,26,226.41363636363633,MCH-2008
TXN-SYN-11875,TXN-SYN-10410,NORM-1025,6997.01,10941.63,0.0,203.68333333333334,UPI,0,16,9,15,9,0.5469324490164661,0.5395586410316361,22,330.58000000000004,NORM-1022
TXN-SYN-10844,TXN-SYN-10784,MCH-2034,10657.16,62846.31,0.0,104.71666666666667,RTGS,0,23,9,22,9,1.0,0.7372752814381989,28,228.65606060606058,MCH-2023
TXN-SYN-10693,TXN-SYN-11826,NORM-1028,3657.96,11055.72,0.0,6.016666666666667,UPI,0,8,15,8,15,1.0,0.5601331330925031,23,94.91874999999999,NORM-1033
TXN-SYN-10324,TXN-SYN-10513,NORM-1011,4288.17,16100.56,0.0,8.716666666666667,UPI,0,14,16,14,15,0.6038315617227421,0.6408126453695353,29,110.81153846153846,NORM-1017
TXN-SYN-11311,TXN-SYN-10913,MCH-2024,30788.23,131794.69,0.0,6.783333333333333,RTGS,0,18,11,17,9,1.0,0.590658097220965,25,146.028125,MCH-2003
TXN-SYN-10491,TXN-SYN-10476,NORM-1106,16080.02,11783.75,4296.27,232.56666666666666,UPI,0,11,15,10,15,1.0,0.6706888892073547,25,101.08484848484846,NORM-1075
TXN-SYN-10955,TXN-SYN-11348,MCH-2021,184464.77,199435.4,0.0,312.4,RTGS,0,26,6,22,6,0.6936701868421437,0.6126225776945822,28,296.9126666666667,MCH-2010
TXN-SYN-10479,TXN-SYN-11826,NORM-1028,10956.35,11055.72,0.0,2.7,UPI,0,8,15,8,15,1.0,0.5601331330925031,23,94.91874999999999,NORM-1033
TXN-SYN-11928,TXN-SYN-10752,NORM-1033,5409.96,6200.17,0.0,61.766666666666666,NEFT,0,9,11,8,11,1.0,0.6347918852437336,19,96.87777777777778,MCH-2014
TXN-SYN-10702,TXN-SYN-10996,MCH-2022,32439.57,102127.08,0.0,57.15,RTGS,0,14,8,12,7,1.0,0.5007587253414264,17,233.9969696969697,MCH-2021
TXN-SYN-10340,TXN-SYN-10360,NORM-1092,9800.72,15085.97,0.0,529.1333333333333,UPI,0,14,16,14,16,1.0,0.6852922327201659,27,210.33809523809526,NORM-1022
TXN-SYN-11826,TXN-SYN-10752,NORM-1033,11055.72,6200.17,4855.549999999999,60.1,NEFT,0,9,11,8,11,1.0,0.6347918852437336,19,96.87777777777778,MCH-2014
TXN-SYN-11751,TXN-SYN-10124,NORM-1013,2981.35,9230.97,0.0,107.76666666666667,UPI,0,12,14,11,13,0.8074267314554087,0.5945650654910879,24,167.3,NORM-1068
TXN-SYN-11772,TXN-SYN-11283,NORM-1105,10144.01,31223.47,0.0,34.61666666666667,NEFT,0,11,19,9,18,1.0,0.6783621323183026,26,86.07878787878788,MCH-2026
TXN-SYN-10913,TXN-SYN-11499,MCH-2003,131794.69,106503.16,25291.53,118.26666666666667,NEFT,0,27,18,22,12,1.0,0.9491223547608446,33,172.86014492753625,MCH-2010
TXN-SYN-10460,TXN-SYN-10004,NORM-1012,14489.66,11616.94,2872.7199999999993,23.233333333333334,UPI,0,17,21,16,21,1.0,0.8985221674876848,33,196.0607843137255,NORM-1033
TXN-SYN-10614,TXN-SYN-10232,NORM-1072,15328.29,10429.5,4898.790000000001,139.4,UPI,0,15,19,14,18,1.0,0.7515703768290362,31,165.275,NORM-1015
TXN-SYN-10513,TXN-SYN-10783,NORM-1017,16100.56,30100.87,0.0,179.51666666666668,NEFT,0,14,22,14,20,1.0,0.7948774563921396,29,108.70238095238095,MCH-2033
TXN-SYN-10859,TXN-SYN-10906,MCH-2009,71476.52,46551.98,24924.54,22.883333333333333,RTGS,0,27,11,20,10,0.6228123125366313,0.8066227977074931,28,210.48333333333332,MCH-2035
TXN-SYN-10572,TXN-SYN-11126,NORM-1080,12565.74,32541.58,0.0,33.68333333333333,NEFT,0,11,13,10,12,1.0,0.5431161287889265,21,83.52,MCH-2003
TXN-SYN-11174,TXN-SYN-11416,MCH-2027,9703.03,145712.98,0.0,265.1333333333333,RTGS,0,26,3,24,3,0.300921650687241,0.4783220243467743,27,475.5785714285714,MCH-2001
TXN-SYN-10943,TXN-SYN-10974,MCH-2016,6822.22,67638.22,0.0,665.9666666666667,RTGS,0,28,4,26,4,0.6234034653990607,0.6765129048360102,29,400.08750000000003,MCH-2008
TXN-SYN-10824,TXN-SYN-11008,MCH-2024,34269.99,75265.51,0.0,328.1666666666667,RTGS,0,18,11,17,9,1.0,0.590658097220965,25,146.028125,MCH-2001
TXN-SYN-10437,TXN-SYN-10004,NORM-1012,8344.88,11616.94,0.0,12.9,UPI,0,17,21,16,21,1.0,0.8985221674876848,33,196.0607843137255,NORM-1033
TXN-SYN-11966,TXN-SYN-10590,NORM-1006,10851.07,1063.69,9787.38,218.43333333333334,UPI,0,15,19,15,18,0.897668609769335,0.7273461965855137,31,154.69285714285712,NORM-1008
TXN-SYN-10264,TXN-SYN-11172,NORM-1102,10974.09,27446.76,0.0,125.38333333333334,NEFT,0,12,15,11,13,1.0,0.5872402126631223,21,112.10555555555557,MCH-2009
TXN-SYN-10683,TXN-SYN-11288,NORM-1011,10373.38,17497.59,0.0,343.8833333333333,NEFT,0,14,16,14,15,0.6038315617227421,0.6408126453695353,29,110.81153846153846,MCH-2021
TXN-SYN-11067,TXN-SYN-10887,MCH-2013,127018.44,167865.21,0.0,322.71666666666664,RTGS,0,26,8,21,7,0.7886574067900582,0.8154129027100487,28,320.3467948717949,MCH-2020
TXN-SYN-11236,TXN-SYN-11523,MCH-2007,24020.86,114047.64,0.0,356.8333333333333,NEFT,0,21,14,21,8,1.0,0.6929168499780026,28,283.69629629629634,MCH-2014
TXN-SYN-11961,TXN-SYN-10596,NORM-1016,3855.69,13378.98,0.0,48.833333333333336,UPI,0,15,21,14,18,0.9035014330999471,0.76905274776138,30,104.32142857142856,NORM-1074
TXN-SYN-10004,TXN-SYN-10752,NORM-1033,11616.94,6200.17,5416.77,34.93333333333333,NEFT,0,9,11,8,11,1.0,0.6347918852437336,19,96.87777777777778,MCH-2014
TXN-SYN-11205,TXN-SYN-11325,MCH-2018,27757.6,58209.67,0.0,284.6333333333333,RTGS,0,22,7,19,5,0.8577441564033355,0.6701974000962927,23,479.6236842105262,MCH-2003
TXN-SYN-10167,TXN-SYN-10825,NORM-1075,9691.99,508.61,9183.38,175.85,UPI,0,11,23,11,21,1.0,0.7340021708234137,29,114.11000000000001,MCH-2031
TXN-SYN-10256,TXN-SYN-10960,NORM-1097,6433.01,10829.82,0.0,325.3666666666667,NEFT,0,9,17,9,17,1.0,0.5736629852539193,25,210.94814814814814,MCH-2008
TXN-SYN-10456,TXN-SYN-11783,NORM-1014,7764.18,11397.12,0.0,166.65,UPI,0,14,23,14,23,1.0,0.8021631908269147,36,96.43846153846152,NORM-1099
TXN-SYN-11130,TXN-SYN-10858,MCH-2023,9933.79,185429.34,0.0,519.6333333333333,RTGS,0,35,8,31,6,0.6193581742780404,0.9352457134571466,36,554.3409523809524,MCH-2022
TXN-SYN-10310,TXN-SYN-10062,NORM-1009,10126.52,12975.3,0.0,87.1,UPI,0,14,14,13,14,0.5260067687682748,0.5960159174092229,26,222.03690476190474,NORM-1068
TXN-SYN-11283,TXN-SYN-11449,MCH-2026,31223.47,232185.27,0.0,190.61666666666667,RTGS,0,19,6,19,6,0.7349821465112782,0.5605485902202956,24,297.7166666666667,MCH-2033
TXN-SYN-11126,TXN-SYN-11499,MCH-2003,32541.58,106503.16,0.0,81.78333333333333,NEFT,0,27,18,22,12,1.0,0.9491223547608446,33,172.86014492753625,MCH-2010
TXN-SYN-11231,TXN-SYN-11348,MCH-2021,25700.07,199435.4,0.0,265.18333333333334,RTGS,0,26,6,22,6,0.6936701868421437,0.6126225776945822,28,296.9126666666667,MCH-2010
TXN-SYN-10452,TXN-SYN-11837,NORM-1012,2609.17,9766.59,0.0,104.81666666666666,UPI,0,17,21,16,21,1.0,0.8985221674876848,33,196.0607843137255,NORM-1092
TXN-SYN-10012,TXN-SYN-11046,NORM-1040,7601.8,23541.85,0.0,579.25,NEFT,0,3,4,3,4,1.0,0.16711318602615455,7,477.96111111111117,MCH-2013
TXN-SYN-11957,TXN-SYN-10635,NORM-1082,1923.59,16120.49,0.0,191.01666666666668,UPI,0,13,19,9,18,1.0,0.7073082378078357,24,119.71666666666667,NORM-1077
TXN-SYN-10046,TXN-SYN-11105,MCH-2011,923.43,80672.02,0.0,526.3666666666667,RTGS,0,29,7,23,6,0.8184959097255264,0.802213515069358,28,293.1798850574713,MCH-2023
TXN-SYN-10181,TXN-SYN-10073,NORM-1027,10906.3,3352.17,7554.129999999999,38.75,UPI,0,12,16,11,16,1.0,0.7153146887884357,26,83.9763888888889,NORM-1092
TXN-SYN-10996,TXN-SYN-11348,MCH-2021,102127.08,199435.4,0.0,252.75,RTGS,0,26,6,22,6,0.6936701868421437,0.6126225776945822,28,296.9126666666667,MCH-2010
TXN-SYN-10265,TXN-SYN-10083,NORM-1003,1015.37,9956.57,0.0,154.06666666666666,UPI,0,11,12,11,12,0.7831577148973093,0.5000996575404519,22,259.80833333333334,NORM-1073
TXN-SYN-11754,TXN-SYN-10985,NORM-1100,3402.34,22814.93,0.0,332.1666666666667,NEFT,0,11,11,11,11,1.0,0.4946506529763355,20,209.14629629629633,MCH-2030
TXN-SYN-10752,TXN-SYN-11352,MCH-2014,6200.17,241322.22,0.0,360.1,RTGS,0,27,11,20,9,0.8008858467941137,0.8991481754127669,27,418.02160493827165,MCH-2009
TXN-SYN-10039,TXN-SYN-11385,NORM-1060,3998.38,14707.19,0.0,249.83333333333334,NEFT,0,5,11,5,9,1.0,0.2731825770223099,14,175.31333333333333,MCH-2024
TXN-SYN-11448,TXN-SYN-10887,MCH-2013,28675.16,167865.21,0.0,277.18333333333334,RTGS,0,26,8,21,7,0.7886574067900582,0.8154129027100487,28,320.3467948717949,MCH-2020
TXN-SYN-10440,TXN-SYN-11346,NORM-1093,10906.4,5511.73,5394.67,379.96666666666664,NEFT,0,12,15,11,13,1.0,0.6060795011691348,23,96.1111111111111,MCH-2003
TXN-SYN-11431,TXN-SYN-10974,MCH-2016,98452.63,67638.22,30814.410000000003,606.9333333333333,RTGS,0,28,4,26,4,0.6234034653990607,0.6765129048360102,29,400.08750000000003,MCH-2008
TXN-SYN-11222,TXN-SYN-11335,MCH-2006,21156.68,192614.03,0.0,112.28333333333333,RTGS,0,21,16,17,11,1.0,0.8198386173532507,27,121.12416666666665,MCH-2026
TXN-SYN-10347,TXN-SYN-11172,NORM-1102,9478.69,27446.76,0.0,73.46666666666667,NEFT,0,12,15,11,13,1.0,0.5872402126631223,21,112.10555555555557,MCH-2009
TXN-SYN-10689,TXN-SYN-10317,NORM-1069,16306.66,702.36,15604.3,307.81666666666666,UPI,0,15,15,15,15,1.0,0.6611813106082868,26,221.37380952380954,NORM-1101
TXN-SYN-10596,TXN-SYN-10492,NORM-1074,13378.98,13460.95,0.0,263.06666666666666,UPI,0,6,11,6,10,1.0,0.40467090733565203,15,700.4472222222222,NORM-1079
TXN-SYN-11065,TXN-SYN-10974,MCH-2016,6770.3,67638.22,0.0,601.2166666666667,RTGS,0,28,4,26,4,0.6234034653990607,0.6765129048360102,29,400.08750000000003,MCH-2008
TXN-SYN-10504,TXN-SYN-11053,NORM-1024,5478.58,3659.4,1819.1799999999998,181.85,NEFT,0,9,13,9,12,1.0,0.4641595020834432,20,148.7296296296296,MCH-2026
TXN-SYN-11026,TXN-SYN-11352,MCH-2014,32027.88,241322.22,0.0,342.3,RTGS,0,27,11,20,9,0.8008858467941137,0.8991481754127669,27,418.02160493827165,MCH-2009
TXN-SYN-10005,TXN-SYN-10706,NORM-1034,7147.66,30233.51,0.0,258.55,NEFT,0,5,8,5,8,1.0,0.3258780603292204,12,512.99,MCH-2032
TXN-SYN-10073,TXN-SYN-10360,NORM-1092,3352.17,15085.97,0.0,436.3,UPI,0,14,16,14,16,1.0,0.6852922327201659,27,210.33809523809526,NORM-1022
TXN-SYN-10036,TXN-SYN-11386,NORM-1058,1205.01,27196.26,0.0,530.95,NEFT,0,2,9,2,8,1.0,0.1824867973567064,10,481.1916666666667,MCH-2007
TXN-SYN-10157,TXN-SYN-10960,NORM-1097,5372.73,10829.82,0.0,264.35,NEFT,0,9,17,9,17,1.0,0.5736629852539193,25,210.94814814814814,MCH-2008
TXN-SYN-10784,TXN-SYN-10858,MCH-2023,62846.31,185429.34,0.0,455.93333333333334,RTGS,0,35,8,31,6,0.6193581742780404,0.9352457134571466,36,554.3409523809524,MCH-2022
TXN-SYN-10611,TXN-SYN-10893,NORM-1086,6743.65,17112.13,0.0,156.31666666666666,NEFT,0,13,18,11,18,1.0,0.6788981896048277,26,144.0111111111111,MCH-2028
TXN-SYN-10434,TXN-SYN-10487,NORM-1109,13988.33,12631.09,1357.2399999999998,313.0,UPI,0,10,15,9,14,1.0,0.5436489718993887,22,133.28611111111113,NORM-1098
TXN-SYN-11739,TXN-SYN-10740,NORM-1007,4178.9,18720.6,0.0,202.65,NEFT,0,9,20,8,20,0.8968319384104775,0.6135510146511751,25,210.9888888888889,MCH-2019
TXN-SYN-10124,TXN-SYN-10401,NORM-1068,9230.97,9590.14,0.0,5.7,UPI,0,7,12,7,11,1.0,0.42395730675542503,16,215.95000000000002,NORM-1005
TXN-SYN-10297,TXN-SYN-11784,NORM-1094,11550.53,5849.69,5700.840000000001,336.5833333333333,UPI,0,12,12,12,11,1.0,0.5460647314233708,23,169.33181818181816,NORM-1030
TXN-SYN-10199,TXN-SYN-10114,NORM-1018,7560.88,14470.56,0.0,55.85,UPI,0,11,16,10,16,1.0,0.6385830289333299,26,141.43333333333334,NORM-1072
TXN-SYN-10415,TXN-SYN-11794,NORM-1001,6028.43,3243.26,2785.17,66.61666666666666,UPI,0,12,23,12,22,1.0,0.7832703401631191,32,97.02499999999999,NORM-1037
TXN-SYN-10401,TXN-SYN-10071,NORM-1005,9590.14,11167.96,0.0,22.716666666666665,UPI,0,14,17,13,17,1.0,0.6878995025672952,28,126.5845238095238,NORM-1107
TXN-SYN-10948,TXN-SYN-11348,MCH-2021,197066.04,199435.4,0.0,192.5,RTGS,0,26,6,22,6,0.6936701868421437,0.6126225776945822,28,296.9126666666667,MCH-2010
TXN-SYN-10062,TXN-SYN-11761,NORM-1068,12975.3,8543.59,4431.709999999999,80.71666666666667,UPI,0,7,12,7,11,1.0,0.42395730675542503,16,215.95000000000002,NORM-1015
TXN-SYN-10258,TXN-SYN-11788,NORM-1008,9242.35,4244.54,4997.81,364.6166666666667,UPI,0,11,16,11,14,1.0,0.6092859694980913,25,510.5969696969696,NORM-1023
TXN-SYN-11165,TXN-SYN-11449,MCH-2026,79110.96,232185.27,0.0,103.46666666666667,RTGS,0,19,6,19,6,0.7349821465112782,0.5605485902202956,24,297.7166666666667,MCH-2033
TXN-SYN-11841,TXN-SYN-11172,NORM-1102,8691.24,27446.76,0.0,17.3,NEFT,0,12,15,11,13,1.0,0.5872402126631223,21,112.10555555555557,MCH-2009
TXN-SYN-10150,TXN-SYN-11945,NORM-1009,13814.4,11829.38,1985.0200000000004,546.8,UPI,0,14,14,13,14,0.5260067687682748,0.5960159174092229,26,222.03690476190474,NORM-1069
TXN-SYN-10071,TXN-SYN-10727,NORM-1107,11167.96,33641.71,0.0,15.4,NEFT,0,6,17,6,15,1.0,0.49908380750313436,20,163.10277777777776,MCH-2013
TXN-SYN-10776,TXN-SYN-11512,MCH-2005,26242.06,45563.52,0.0,32.65,NEFT,0,30,11,26,4,0.5749206075508325,0.8868753267198232,29,196.39259259259256,MCH-2012
TXN-SYN-10137,TXN-SYN-11113,NORM-1005,13450.1,9881.13,3568.970000000001,83.71666666666667,NEFT,0,14,17,13,17,1.0,0.6878995025672952,28,126.5845238095238,MCH-2026
TXN-SYN-11054,TXN-SYN-10858,MCH-2023,26098.34,185429.34,0.0,415.2,RTGS,0,35,8,31,6,0.6193581742780404,0.9352457134571466,36,554.3409523809524,MCH-2022
TXN-SYN-10647,TXN-SYN-10331,NORM-1085,15235.09,12287.96,2947.130000000001,119.11666666666666,UPI,0,16,13,14,12,1.0,0.6583220355014661,24,212.5033333333333,NORM-1025
TXN-SYN-10600,TXN-SYN-10476,NORM-1106,11838.4,11783.75,54.649999999999636,87.26666666666667,UPI,0,11,15,10,15,1.0,0.6706888892073547,25,101.08484848484846,NORM-1075
TXN-SYN-11172,TXN-SYN-11438,MCH-2009,27446.76,93921.65,0.0,521.0,RTGS,0,27,11,20,10,0.6228123125366313,0.8066227977074931,28,210.48333333333332,MCH-2023
TXN-SYN-10232,TXN-SYN-11464,NORM-1015,10429.5,1449.57,8979.93,33.28333333333333,UPI,0,18,19,16,19,0.540306292548446,0.814519482425458,33,91.19880952380952,MCH-2018
TXN-SYN-10926,TXN-SYN-11335,MCH-2006,75021.29,192614.03,0.0,34.766666666666666,RTGS,0,21,16,17,11,1.0,0.8198386173532507,27,121.12416666666665,MCH-2026
TXN-SYN-11949,TXN-SYN-11855,NORM-1064,4615.32,2321.88,2293.4399999999996,109.66666666666667,UPI,0,5,9,5,9,1.0,0.30966029528321015,14,188.72666666666666,NORM-1080
TXN-SYN-11837,TXN-SYN-10360,NORM-1092,9766.59,15085.97,0.0,379.76666666666665,UPI,0,14,16,14,16,1.0,0.6852922327201659,27,210.33809523809526,NORM-1022
TXN-SYN-10727,TXN-SYN-10887,MCH-2013,33641.71,167865.21,0.0,187.8,RTGS,0,26,8,21,7,0.7886574067900582,0.8154129027100487,28,320.3467948717949,MCH-2020
TXN-SYN-10657,TXN-SYN-11447,NORM-1072,16820.93,2816.52,14004.41,33.333333333333336,NEFT,0,15,19,14,18,1.0,0.7515703768290362,31,165.275,MCH-2004
TXN-SYN-11820,TXN-SYN-11964,NORM-1033,9141.66,11079.15,0.0,79.51666666666667,UPI,0,9,11,8,11,1.0,0.6347918852437336,19,96.87777777777778,NORM-1059
TXN-SYN-11896,TXN-SYN-11741,NORM-1032,8407.09,11956.23,0.0,363.1666666666667,UPI,0,3,11,3,10,1.0,0.2201382852799993,13,471.46111111111117,NORM-1060
TXN-SYN-10236,TXN-SYN-10314,NORM-1084,4083.23,13755.47,0.0,148.03333333333333,UPI,0,8,20,8,18,1.0,0.6254343293954134,25,124.0,NORM-1108
TXN-SYN-11252,TXN-SYN-10947,MCH-2017,15585.16,228686.66,0.0,183.96666666666667,RTGS,0,16,10,15,7,1.0,0.618425921031767,22,182.76444444444445,MCH-2005
TXN-SYN-10295,TXN-SYN-10635,NORM-1082,15180.15,16120.49,0.0,76.83333333333333,UPI,0,13,19,9,18,1.0,0.7073082378078357,24,119.71666666666667,NORM-1077
TXN-SYN-10514,TXN-SYN-10242,NORM-1021,15908.36,5932.45,9975.91,433.01666666666665,UPI,0,8,12,7,12,1.0,0.4459391664653747,17,240.21875,NORM-1098
TXN-SYN-11901,TXN-SYN-10751,NORM-1027,8721.97,858.28,7863.69,75.06666666666666,UPI,0,12,16,11,16,1.0,0.7153146887884357,26,83.9763888888889,MCH-2015
TXN-SYN-10801,TXN-SYN-11348,MCH-2021,7949.44,199435.4,0.0,143.28333333333333,RTGS,0,26,6,22,6,0.6936701868421437,0.6126225776945822,28,296.9126666666667,MCH-2010
TXN-SYN-11281,TXN-SYN-11474,MCH-2001,4661.45,147392.11,0.0,418.26666666666665,RTGS,0,18,10,18,7,1.0,0.43642598293262674,25,211.29509803921567,MCH-2023
TXN-SYN-10114,TXN-SYN-11447,NORM-1072,14470.56,2816.52,11654.039999999999,19.8,NEFT,0,15,19,14,18,1.0,0.7515703768290362,31,165.275,MCH-2004
TXN-SYN-11778,TXN-SYN-11945,NORM-1009,6313.81,11829.38,0.0,505.3333333333333,UPI,0,14,14,13,14,0.5260067687682748,0.5960159174092229,26,222.03690476190474,NORM-1069
TXN-SYN-11512,TXN-SYN-10696,MCH-2012,45563.52,231843.61,0.0,217.08333333333334,RTGS,0,31,9,21,8,0.8166960909487291,0.8869889803938478,28,297.4005555555556,MCH-2032
TXN-SYN-10453,TXN-SYN-10143,NORM-1028,2223.65,13422.97,0.0,162.76666666666668,UPI,0,8,15,8,15,1.0,0.5601331330925031,23,94.91874999999999,NORM-1105
TXN-SYN-10946,TXN-SYN-11494,MCH-2002,13622.03,96358.15,0.0,12.65,NEFT,0,20,9,17,5,1.0,0.7362430448304313,21,240.65588235294115,MCH-2009
TXN-SYN-10204,TXN-SYN-10349,NORM-1016,8594.82,10893.29,0.0,22.033333333333335,UPI,0,15,21,14,18,0.9035014330999471,0.76905274776138,30,104.32142857142856,NORM-1098
TXN-SYN-11147,TXN-SYN-10804,MCH-2031,52471.67,223858.67,0.0,98.4,RTGS,0,25,7,22,7,0.6879843239693775,0.6797984208849182,25,399.8557971014493,MCH-2015
TXN-SYN-11173,TXN-SYN-11523,MCH-2007,33260.61,114047.64,0.0,200.56666666666666,NEFT,0,21,14,21,8,1.0,0.6929168499780026,28,283.69629629629634,MCH-2014
TXN-SYN-11464,TXN-SYN-11325,MCH-2018,1449.57,58209.67,0.0,137.18333333333334,RTGS,0,22,7,19,5,0.8577441564033355,0.6701974000962927,23,479.6236842105262,MCH-2003
TXN-SYN-11794,TXN-SYN-11225,NORM-1037,3243.26,29424.92,0.0,90.26666666666667,NEFT,0,3,11,3,10,1.0,0.2194386029075615,13,656.7333333333333,MCH-2003
TXN-SYN-11335,TXN-SYN-11449,MCH-2026,192614.03,232185.27,0.0,47.06666666666667,RTGS,0,19,6,19,6,0.7349821465112782,0.5605485902202956,24,297.7166666666667,MCH-2033
TXN-SYN-10038,TXN-SYN-10759,NORM-1059,11821.06,26302.95,0.0,10.35,NEFT,0,5,4,5,4,0.9374211435005428,0.36117582797329084,9,170.17916666666667,MCH-2026
TXN-SYN-11494,TXN-SYN-11438,MCH-2009,96358.15,93921.65,2436.5,475.7,RTGS,0,27,11,20,10,0.6228123125366313,0.8066227977074931,28,210.48333333333332,MCH-2023
TXN-SYN-11447,TXN-SYN-11505,MCH-2004,2816.52,65409.46,0.0,20.683333333333334,NEFT,0,17,20,17,14,1.0,0.788660343173825,31,99.37564102564102,MCH-2011
TXN-SYN-10254,TXN-SYN-11876,NORM-1004,5984.11,9513.57,0.0,78.93333333333334,UPI,0,15,21,13,19,0.8860930506436103,0.7538740751081949,32,238.8311111111111,NORM-1033
TXN-SYN-11312,TXN-SYN-10804,MCH-2031,22424.63,223858.67,0.0,80.95,RTGS,0,25,7,22,7,0.6879843239693775,0.6797984208849182,25,399.8557971014493,MCH-2015
TXN-SYN-10410,TXN-SYN-10375,NORM-1022,10941.63,6980.86,3960.7699999999995,45.35,UPI,0,12,16,12,14,1.0,0.6766826438957587,26,226.41363636363633,NORM-1070
TXN-SYN-10349,TXN-SYN-11868,NORM-1098,10893.29,8874.34,2018.9500000000007,84.61666666666666,UPI,0,17,19,16,18,1.0,0.7825708902951548,29,80.35588235294118,NORM-1053
TXN-SYN-10759,TXN-SYN-11449,MCH-2026,26302.95,232185.27,0.0,30.45,RTGS,0,19,6,19,6,0.7349821465112782,0.5605485902202956,24,297.7166666666667,MCH-2033
TXN-SYN-11144,TXN-SYN-11498,MCH-2003,12856.57,63301.15,0.0,12.133333333333333,NEFT,0,27,18,22,12,1.0,0.9491223547608446,33,172.86014492753625,MCH-2010
TXN-SYN-11783,TXN-SYN-10180,NORM-1099,11397.12,10730.02,667.1000000000004,336.0833333333333,UPI,0,11,14,10,13,1.0,0.5656926277679655,22,208.42727272727276,NORM-1023
TXN-SYN-11295,TXN-SYN-10974,MCH-2016,7032.11,67638.22,0.0,473.28333333333336,RTGS,0,28,4,26,4,0.6234034653990607,0.6765129048360102,29,400.08750000000003,MCH-2008
TXN-SYN-11506,TXN-SYN-10696,MCH-2012,103230.6,231843.61,0.0,185.33333333333334,RTGS,0,31,9,21,8,0.8166960909487291,0.8869889803938478,28,297.4005555555556,MCH-2032
TXN-SYN-11505,TXN-SYN-11105,MCH-2011,65409.46,80672.02,0.0,371.76666666666665,RTGS,0,29,7,23,6,0.8184959097255264,0.802213515069358,28,293.1798850574713,MCH-2023
TXN-SYN-10825,TXN-SYN-10804,MCH-2031,508.61,223858.67,0.0,64.31666666666666,RTGS,0,25,7,22,7,0.6879843239693775,0.6797984208849182,25,399.8557971014493,MCH-2015
TXN-SYN-10613,TXN-SYN-11905,NORM-1090,9596.9,8774.68,822.2199999999993,255.25,UPI,0,11,27,9,22,1.0,0.8457600712219008,31,79.46363636363637,NORM-1063
TXN-SYN-11796,TXN-SYN-11076,NORM-1066,10409.75,33562.38,0.0,64.88333333333334,NEFT,0,9,12,7,11,1.0,0.4985524832002321,18,197.34259259259258,MCH-2003
TXN-SYN-10083,TXN-SYN-11002,NORM-1073,9956.57,22617.52,0.0,98.76666666666667,NEFT,0,14,20,14,19,1.0,0.7206443408223824,30,128.97976190476194,MCH-2027
TXN-SYN-11734,TXN-SYN-11890,NORM-1087,5993.12,1142.14,4850.98,434.43333333333334,UPI,0,12,18,12,17,1.0,0.6455662153680625,29,188.75694444444446,NORM-1003
TXN-SYN-10353,TXN-SYN-11868,NORM-1098,1529.67,8874.34,0.0,61.916666666666664,UPI,0,17,19,16,18,1.0,0.7825708902951548,29,80.35588235294118,NORM-1053
TXN-SYN-11113,TXN-SYN-11449,MCH-2026,9881.13,232185.27,0.0,5.866666666666666,RTGS,0,19,6,19,6,0.7349821465112782,0.5605485902202956,24,297.7166666666667,MCH-2033
TXN-SYN-10642,TXN-SYN-10540,NORM-1067,7293.18,8382.68,0.0,71.48333333333333,UPI,0,12,19,11,17,1.0,0.7465881723307465,26,120.43333333333332,NORM-1078
TXN-SYN-11898,TXN-SYN-10506,NORM-1081,2045.55,3688.96,0.0,279.46666666666664,UPI,0,9,10,6,9,1.0,0.43156480096912797,15,231.69791666666669,NORM-1006
TXN-SYN-11179,TXN-SYN-10947,MCH-2017,3823.72,228686.66,0.0,118.5,RTGS,0,16,10,15,7,1.0,0.618425921031767,22,182.76444444444445,MCH-2005
TXN-SYN-10476,TXN-SYN-10069,NORM-1075,11783.75,13478.68,0.0,247.15,UPI,0,11,23,11,21,1.0,0.7340021708234137,29,114.11000000000001,NORM-1030
TXN-SYN-11230,TXN-SYN-11177,MCH-2028,25717.21,143193.72,0.0,376.73333333333335,RTGS,0,28,3,26,3,0.18395959630467112,0.6815808277909086,29,636.2574074074074,MCH-2024
TXN-SYN-11228,TXN-SYN-11221,MCH-2002,31821.58,72048.26,0.0,3.816666666666667,RTGS,0,20,9,17,5,1.0,0.7362430448304313,21,240.65588235294115,MCH-2027
TXN-SYN-10192,TXN-SYN-10057,NORM-1095,3929.11,16567.68,0.0,8.416666666666666,UPI,0,12,19,11,18,1.0,0.6891824295533282,26,98.3263888888889,NORM-1013
TXN-SYN-10539,TXN-SYN-10156,NORM-1002,17002.48,16431.64,570.8400000000001,71.43333333333334,UPI,0,14,16,14,15,0.975663309338928,0.702297422958623,26,109.75119047619049,NORM-1072
TXN-SYN-11083,TXN-SYN-11042,MCH-2029,12265.79,241213.56,0.0,136.48333333333332,RTGS,0,26,4,25,4,0.4768410431001316,0.6276223573030835,28,525.5410256410257,MCH-2019
TXN-SYN-11221,TXN-SYN-11416,MCH-2027,72048.26,145712.98,0.0,36.13333333333333,RTGS,0,26,3,24,3,0.300921650687241,0.4783220243467743,27,475.5785714285714,MCH-2001
TXN-SYN-10590,TXN-SYN-11788,NORM-1008,1063.69,4244.54,0.0,252.4,UPI,0,11,16,11,14,1.0,0.6092859694980913,25,510.5969696969696,NORM-1023
TXN-SYN-11964,TXN-SYN-11836,NORM-1059,11079.15,1836.8,9242.35,73.81666666666666,UPI,0,5,4,5,4,0.9374211435005428,0.36117582797329084,9,170.17916666666667,NORM-1023
TXN-SYN-11183,TXN-SYN-11348,MCH-2021,12757.62,199435.4,0.0,74.63333333333334,RTGS,0,26,6,22,6,0.6936701868421437,0.6126225776945822,28,296.9126666666667,MCH-2010
TXN-SYN-11299,TXN-SYN-11105,MCH-2011,31253.75,80672.02,0.0,343.8,RTGS,0,29,7,23,6,0.8184959097255264,0.802213515069358,28,293.1798850574713,MCH-2023
TXN-SYN-11338,TXN-SYN-11363,MCH-2006,31794.65,105453.07,0.0,142.95,RTGS,0,21,16,17,11,1.0,0.8198386173532507,27,121.12416666666665,MCH-2016
TXN-SYN-10375,TXN-SYN-10692,NORM-1070,6980.86,14670.1,0.0,182.11666666666667,UPI,0,12,26,11,25,1.0,0.8800144095926716,34,102.13787878787879,NORM-1067
TXN-SYN-10635,TXN-SYN-10008,NORM-1077,16120.49,8365.17,7755.32,85.21666666666667,UPI,0,10,29,10,26,1.0,0.8427421533142455,33,72.28166666666667,NORM-1037
TXN-SYN-10057,TXN-SYN-10837,NORM-1013,16567.68,14594.31,1973.3700000000008,73.38333333333334,NEFT,0,12,14,11,13,0.8074267314554087,0.5945650654910879,24,167.3,MCH-2030
TXN-SYN-10751,TXN-SYN-11193,MCH-2015,858.28,134317.66,0.0,117.51666666666667,RTGS,0,25,13,23,10,1.0,0.8303893360527371,32,116.27500000000002,MCH-2033
TXN-SYN-11484,TXN-SYN-11108,MCH-2034,21317.59,74323.59,0.0,222.7,RTGS,0,23,9,22,9,1.0,0.7372752814381989,28,228.65606060606058,MCH-2015
TXN-SYN-11973,TXN-SYN-11454,NORM-1017,7918.83,23868.87,0.0,43.78333333333333,NEFT,0,14,22,14,20,1.0,0.7948774563921396,29,108.70238095238095,MCH-2001
TXN-SYN-10545,TXN-SYN-11868,NORM-1098,12627.78,8874.34,3753.4400000000005,38.06666666666667,UPI,0,17,19,16,18,1.0,0.7825708902951548,29,80.35588235294118,NORM-1053
TXN-SYN-10741,TXN-SYN-11363,MCH-2006,17043.64,105453.07,0.0,131.16666666666666,RTGS,0,21,16,17,11,1.0,0.8198386173532507,27,121.12416666666665,MCH-2016
TXN-SYN-10002,TXN-SYN-11741,NORM-1032,2767.91,11956.23,0.0,267.4166666666667,UPI,0,3,11,3,10,1.0,0.2201382852799993,13,471.46111111111117,NORM-1060
TXN-SYN-11855,TXN-SYN-10749,NORM-1080,2321.88,26502.96,0.0,99.0,NEFT,0,11,13,10,12,1.0,0.5431161287889265,21,83.52,MCH-2020
TXN-SYN-10893,TXN-SYN-11177,MCH-2028,17112.13,143193.72,0.0,350.71666666666664,RTGS,0,28,3,26,3,0.18395959630467112,0.6815808277909086,29,636.2574074074074,MCH-2024
TXN-SYN-10054,TXN-SYN-10422,NORM-1025,15798.12,9262.5,6535.620000000001,64.03333333333333,UPI,0,16,9,15,9,0.5469324490164661,0.5395586410316361,22,330.58000000000004,NORM-1004
TXN-SYN-10681,TXN-SYN-10412,NORM-1088,6205.72,11564.45,0.0,5.45,UPI,0,11,21,10,21,1.0,0.7038424175031923,28,80.69074074074074,NORM-1012
TXN-SYN-11053,TXN-SYN-11350,MCH-2026,3659.4,105325.56,0.0,388.8833333333333,RTGS,0,19,6,19,6,0.7349821465112782,0.5605485902202956,24,297.7166666666667,MCH-2034
TXN-SYN-10331,TXN-SYN-10422,NORM-1025,12287.96,9262.5,3025.459999999999,60.05,UPI,0,16,9,15,9,0.5469324490164661,0.5395586410316361,22,330.58000000000004,NORM-1004
TXN-SYN-10412,TXN-SYN-10578,NORM-1012,11564.45,2105.14,9459.310000000001,82.4,UPI,0,17,21,16,21,1.0,0.8985221674876848,33,196.0607843137255,NORM-1025
TXN-SYN-10637,TXN-SYN-11454,NORM-1017,4345.1,23868.87,0.0,19.233333333333334,NEFT,0,14,22,14,20,1.0,0.7948774563921396,29,108.70238095238095,MCH-2001
TXN-SYN-11225,TXN-SYN-11501,MCH-2003,29424.92,74127.27,0.0,48.083333333333336,NEFT,0,27,18,22,12,1.0,0.9491223547608446,33,172.86014492753625,MCH-2010
TXN-SYN-11446,TXN-SYN-10804,MCH-2031,27361.84,223858.67,0.0,3.1666666666666665,RTGS,0,25,7,22,7,0.6879843239693775,0.6797984208849182,25,399.8557971014493,MCH-2015
TXN-SYN-11416,TXN-SYN-11474,MCH-2001,145712.98,147392.11,0.0,314.6666666666667,RTGS,0,18,10,18,7,1.0,0.43642598293262674,25,211.29509803921567,MCH-2023
TXN-SYN-10184,TXN-SYN-10668,NORM-1089,2652.58,9036.27,0.0,161.56666666666666,UPI,0,9,17,9,17,1.0,0.5654222544400145,26,116.15208333333334,NORM-1104
TXN-SYN-10804,TXN-SYN-11193,MCH-2015,223858.67,134317.66,89541.01000000001,84.9,RTGS,0,25,13,23,10,1.0,0.8303893360527371,32,116.27500000000002,MCH-2033
TXN-SYN-11076,TXN-SYN-11501,MCH-2003,33562.38,74127.27,0.0,41.71666666666667,NEFT,0,27,18,22,12,1.0,0.9491223547608446,33,172.86014492753625,MCH-2010
TXN-SYN-11868,TXN-SYN-11947,NORM-1053,8874.34,10685.23,0.0,121.38333333333334,UPI,0,6,10,6,10,1.0,0.38134330828561025,15,425.9194444444444,NORM-1014
TXN-SYN-11454,TXN-SYN-11474,MCH-2001,23868.87,147392.11,0.0,298.15,RTGS,0,18,10,18,7,1.0,0.43642598293262674,25,211.29509803921567,MCH-2023
TXN-SYN-10432,TXN-SYN-10294,NORM-1088,868.57,14992.05,0.0,46.36666666666667,UPI,0,11,21,10,21,1.0,0.7038424175031923,28,80.69074074074074,NORM-1005
TXN-SYN-10107,TXN-SYN-10578,NORM-1012,5813.62,2105.14,3708.48,53.86666666666667,UPI,0,17,21,16,21,1.0,0.8985221674876848,33,196.0607843137255,NORM-1025
TXN-SYN-10540,TXN-SYN-10919,NORM-1078,8382.68,5030.79,3351.8900000000003,40.05,NEFT,0,8,16,8,16,1.0,0.5277044854881267,24,135.77142857142854,MCH-2023
TXN-SYN-11060,TXN-SYN-11042,MCH-2029,2744.27,241213.56,0.0,70.01666666666667,RTGS,0,26,4,25,4,0.4768410431001316,0.6276223573030835,28,525.5410256410257,MCH-2019
TXN-SYN-11052,TXN-SYN-11474,MCH-2001,1642.94,147392.11,0.0,276.95,RTGS,0,18,10,18,7,1.0,0.43642598293262674,25,211.29509803921567,MCH-2023
TXN-SYN-11836,TXN-SYN-11912,NORM-1023,1836.8,11092.95,0.0,89.16666666666667,UPI,0,14,19,13,17,1.0,0.7514374086794816,29,80.57083333333334,NORM-1014
TXN-SYN-11385,TXN-SYN-11008,MCH-2024,14707.19,75265.51,0.0,27.066666666666666,RTGS,0,18,11,17,9,1.0,0.590658097220965,25,146.028125,MCH-2001
TXN-SYN-10837,TXN-SYN-11337,MCH-2030,14594.31,117893.29,0.0,313.1666666666667,RTGS,0,20,4,20,4,0.4328675652225954,0.6275330108510917,23,272.29912280701757,MCH-2016
TXN-SYN-11325,TXN-SYN-11501,MCH-2003,58209.67,74127.27,0.0,4.283333333333333,NEFT,0,27,18,22,12,1.0,0.9491223547608446,33,172.86014492753625,MCH-2010
TXN-SYN-10851,TXN-SYN-11337,MCH-2030,153011.22,117893.29,35117.93000000001,308.4166666666667,RTGS,0,20,4,20,4,0.4328675652225954,0.6275330108510917,23,272.29912280701757,MCH-2016
TXN-SYN-10422,TXN-SYN-10558,NORM-1004,9262.5,13127.54,0.0,94.48333333333333,UPI,0,15,21,13,19,0.8860930506436103,0.7538740751081949,32,238.8311111111111,NORM-1072
TXN-SYN-10079,TXN-SYN-11346,NORM-1093,10726.14,5511.73,5214.41,125.83333333333333,NEFT,0,12,15,11,13,1.0,0.6060795011691348,23,96.1111111111111,MCH-2003
TXN-SYN-10008,TXN-SYN-10009,NORM-1037,8365.17,3128.21,5236.96,1440.0,UPI,0,3,11,3,10,1.0,0.2194386029075615,13,656.7333333333333,MCH-2001
TXN-SYN-11930,TXN-SYN-10138,NORM-1096,9586.75,3521.73,6065.02,315.6666666666667,UPI,0,15,13,13,13,1.0,0.6187845303867403,24,164.67261904761904,NORM-1080
TXN-SYN-11345,TXN-SYN-11342,MCH-2031,28109.96,219499.41,0.0,109.91666666666667,RTGS,0,25,7,22,7,0.6879843239693775,0.6797984208849182,25,399.8557971014493,MCH-2024
TXN-SYN-10378,TXN-SYN-10126,NORM-1029,14922.67,6763.29,8159.38,19.416666666666668,UPI,0,12,14,11,12,1.0,0.592476310442395,22,328.7111111111111,NORM-1006
TXN-SYN-10838,TXN-SYN-11363,MCH-2006,98482.97,105453.07,0.0,49.45,RTGS,0,21,16,17,11,1.0,0.8198386173532507,27,121.12416666666665,MCH-2016
TXN-SYN-10919,TXN-SYN-10858,MCH-2023,5030.79,185429.34,0.0,220.9,RTGS,0,35,8,31,6,0.6193581742780404,0.9352457134571466,36,554.3409523809524,MCH-2022
TXN-SYN-10294,TXN-SYN-11779,NORM-1005,14992.05,6541.22,8450.829999999998,261.7,UPI,0,14,17,13,17,1.0,0.6878995025672952,28,126.5845238095238,NORM-1100
TXN-SYN-10143,TXN-SYN-10214,NORM-1105,13422.97,17927.15,0.0,31.116666666666667,UPI,0,11,19,9,18,1.0,0.6783621323183026,26,86.07878787878788,NORM-1087
TXN-SYN-10492,TXN-SYN-11926,NORM-1079,13460.95,9273.87,4187.08,55.86666666666667,UPI,0,12,22,12,20,1.0,0.7325218140687279,30,175.80454545454543,NORM-1098
TXN-SYN-11008,TXN-SYN-11474,MCH-2001,75265.51,147392.11,0.0,247.65,RTGS,0,18,10,18,7,1.0,0.43642598293262674,25,211.29509803921567,MCH-2023
TXN-SYN-10578,TXN-SYN-10444,NORM-1025,2105.14,5993.7,0.0,10.3,UPI,0,16,9,15,9,0.5469324490164661,0.5395586410316361,22,330.58000000000004,NORM-1085
TXN-SYN-11392,TXN-SYN-11105,MCH-2011,22294.33,80672.02,0.0,234.83333333333334,RTGS,0,29,7,23,6,0.8184959097255264,0.802213515069358,28,293.1798850574713,MCH-2023
TXN-SYN-10126,TXN-SYN-11291,NORM-1006,6763.29,23954.18,0.0,177.1,NEFT,0,15,19,15,18,0.897668609769335,0.7273461965855137,31,154.69285714285712,MCH-2025
TXN-SYN-10496,TXN-SYN-11288,NORM-1011,16474.61,17497.59,0.0,7.483333333333333,NEFT,0,14,16,14,15,0.6038315617227421,0.6408126453695353,29,110.81153846153846,MCH-2021
TXN-SYN-10444,TXN-SYN-10226,NORM-1085,5993.7,1231.31,4762.389999999999,220.7,UPI,0,16,13,14,12,1.0,0.6583220355014661,24,212.5033333333333,NORM-1010
TXN-SYN-11496,TXN-SYN-11438,MCH-2009,60149.76,93921.65,0.0,308.35,RTGS,0,27,11,20,10,0.6228123125366313,0.8066227977074931,28,210.48333333333332,MCH-2023
TXN-SYN-10068,TXN-SYN-11905,NORM-1090,15512.26,8774.68,6737.58,106.16666666666667,UPI,0,11,27,9,22,1.0,0.8457600712219008,31,79.46363636363637,NORM-1063
TXN-SYN-11288,TXN-SYN-10836,MCH-2021,17497.59,69886.68,0.0,203.51666666666668,RTGS,0,26,6,22,6,0.6936701868421437,0.6126225776945822,28,296.9126666666667,MCH-2001
TXN-SYN-10556,TXN-SYN-10214,NORM-1105,5084.95,17927.15,0.0,4.516666666666667,UPI,0,11,19,9,18,1.0,0.6783621323183026,26,86.07878787878788,NORM-1087
TXN-SYN-10214,TXN-SYN-11890,NORM-1087,17927.15,1142.14,16785.010000000002,285.51666666666665,UPI,0,12,18,12,17,1.0,0.6455662153680625,29,188.75694444444446,NORM-1003
TXN-SYN-10441,TXN-SYN-10180,NORM-1099,8043.6,10730.02,0.0,166.68333333333334,UPI,0,11,14,10,13,1.0,0.5656926277679655,22,208.42727272727276,NORM-1023
TXN-SYN-11523,TXN-SYN-11352,MCH-2014,114047.64,241322.22,0.0,44.95,RTGS,0,27,11,20,9,0.8008858467941137,0.8991481754127669,27,418.02160493827165,MCH-2009
TXN-SYN-10575,TXN-SYN-10553,NORM-1074,13361.95,11659.71,1702.2400000000016,33.86666666666667,UPI,0,6,11,6,10,1.0,0.40467090733565203,15,700.4472222222222,NORM-1029
TXN-SYN-10317,TXN-SYN-10679,NORM-1101,702.36,11001.49,0.0,15.783333333333333,UPI,0,4,25,4,22,1.0,0.6549725212677859,26,78.21666666666667,NORM-1011
TXN-SYN-11363,TXN-SYN-10974,MCH-2016,105453.07,67638.22,37814.850000000006,294.6166666666667,RTGS,0,28,4,26,4,0.6234034653990607,0.6765129048360102,29,400.08750000000003,MCH-2008
TXN-SYN-11812,TXN-SYN-11853,NORM-1104,9482.93,3483.77,5999.16,109.45,UPI,0,7,14,7,13,1.0,0.44910179640718567,17,70.66666666666666,NORM-1033
TXN-SYN-10985,TXN-SYN-11337,MCH-2030,22814.93,117893.29,0.0,233.76666666666668,RTGS,0,20,4,20,4,0.4328675652225954,0.6275330108510917,23,272.29912280701757,MCH-2016
TXN-SYN-11926,TXN-SYN-10594,NORM-1098,9273.87,8290.15,983.7200000000012,27.7,UPI,0,17,19,16,18,1.0,0.7825708902951548,29,80.35588235294118,NORM-1095
TXN-SYN-10679,TXN-SYN-10389,NORM-1011,11001.49,3648.56,7352.93,167.31666666666666,UPI,0,14,16,14,15,0.6038315617227421,0.6408126453695353,29,110.81153846153846,NORM-1085
TXN-SYN-11063,TXN-SYN-10858,MCH-2023,161667.47,185429.34,0.0,159.65,RTGS,0,35,8,31,6,0.6193581742780404,0.9352457134571466,36,554.3409523809524,MCH-2022
TXN-SYN-11437,TXN-SYN-11451,MCH-2007,13526.05,141604.89,0.0,210.78333333333333,RTGS,0,21,14,21,8,1.0,0.6929168499780026,28,283.69629629629634,MCH-2002
TXN-SYN-11912,TXN-SYN-11050,NORM-1014,11092.95,32893.11,0.0,74.15,NEFT,0,14,23,14,23,1.0,0.8021631908269147,36,96.43846153846152,MCH-2013
TXN-SYN-11136,TXN-SYN-11342,MCH-2031,34844.95,219499.41,0.0,36.483333333333334,RTGS,0,25,7,22,7,0.6879843239693775,0.6797984208849182,25,399.8557971014493,MCH-2024
TXN-SYN-10202,TXN-SYN-10088,NORM-1105,17750.49,2304.72,15445.770000000002,107.36666666666666,UPI,0,11,19,9,18,1.0,0.6783621323183026,26,86.07878787878788,NORM-1094
TXN-SYN-11947,TXN-SYN-11050,NORM-1014,10685.23,32893.11,0.0,69.08333333333333,NEFT,0,14,23,14,23,1.0,0.8021631908269147,36,96.43846153846152,MCH-2013
TXN-SYN-10281,TXN-SYN-10395,NORM-1101,7792.35,1392.55,6399.8,164.55,UPI,0,4,25,4,22,1.0,0.6549725212677859,26,78.21666666666667,NORM-1029
TXN-SYN-10487,TXN-SYN-10594,NORM-1098,12631.09,8290.15,4340.9400000000005,5.15,UPI,0,17,19,16,18,1.0,0.7825708902951548,29,80.35588235294118,NORM-1095
TXN-SYN-10707,TXN-SYN-10798,MCH-2013,4585.61,97394.12,0.0,89.35,RTGS,0,26,8,21,7,0.7886574067900582,0.8154129027100487,28,320.3467948717949,MCH-2029
TXN-SYN-10278,TXN-SYN-11945,NORM-1009,9806.21,11829.38,0.0,257.1333333333333,UPI,0,14,14,13,14,0.5260067687682748,0.5960159174092229,26,222.03690476190474,NORM-1069
TXN-SYN-11787,TXN-SYN-11154,NORM-1054,5480.62,12720.08,0.0,107.2,NEFT,0,3,15,3,15,1.0,0.3824814071538189,18,112.77777777777777,MCH-2018
TXN-SYN-10594,TXN-SYN-10251,NORM-1095,8290.15,677.73,7612.42,35.7,UPI,0,12,19,11,18,1.0,0.6891824295533282,26,98.3263888888889,NORM-1014
TXN-SYN-10692,TXN-SYN-10075,NORM-1067,14670.1,16557.87,0.0,38.11666666666667,UPI,0,12,19,11,17,1.0,0.7465881723307465,26,120.43333333333332,NORM-1001
TXN-SYN-11352,TXN-SYN-11438,MCH-2009,241322.22,93921.65,147400.57,242.38333333333333,RTGS,0,27,11,20,10,0.6228123125366313,0.8066227977074931,28,210.48333333333332,MCH-2023
TXN-SYN-11399,TXN-SYN-11177,MCH-2028,33747.64,143193.72,0.0,181.6,RTGS,0,28,3,26,3,0.18395959630467112,0.6815808277909086,29,636.2574074074074,MCH-2024
TXN-SYN-10468,TXN-SYN-10220,NORM-1010,17088.49,1770.52,15317.970000000001,223.53333333333333,UPI,0,18,17,16,16,0.4961328133372379,0.7617942067364373,27,194.57592592592593,NORM-1096
TXN-SYN-10668,TXN-SYN-11853,NORM-1104,9036.27,3483.77,5552.5,60.65,UPI,0,7,14,7,13,1.0,0.44910179640718567,17,70.66666666666666,NORM-1033
TXN-SYN-11342,TXN-SYN-11476,MCH-2024,219499.41,220790.2,0.0,78.55,RTGS,0,18,11,17,9,1.0,0.590658097220965,25,146.028125,MCH-2010
TXN-SYN-10031,TXN-SYN-10974,MCH-2016,4980.24,67638.22,0.0,233.3,RTGS,0,28,4,26,4,0.6234034653990607,0.6765129048360102,29,400.08750000000003,MCH-2008
TXN-SYN-11784,TXN-SYN-10249,NORM-1030,5849.69,9404.76,0.0,13.516666666666667,UPI,0,10,14,9,14,1.0,0.5709829630314965,23,99.05740740740741,NORM-1027
TXN-SYN-10251,TXN-SYN-11050,NORM-1014,677.73,32893.11,0.0,16.066666666666666,NEFT,0,14,23,14,23,1.0,0.8021631908269147,36,96.43846153846152,MCH-2013
TXN-SYN-10895,TXN-SYN-11474,MCH-2001,7891.77,147392.11,0.0,129.35,RTGS,0,18,10,18,7,1.0,0.43642598293262674,25,211.29509803921567,MCH-2023
TXN-SYN-10075,TXN-SYN-10404,NORM-1001,16557.87,2501.14,14056.73,70.78333333333333,UPI,0,12,23,12,22,1.0,0.7832703401631191,32,97.02499999999999,NORM-1090
TXN-SYN-10931,TXN-SYN-11105,MCH-2011,29132.26,80672.02,0.0,120.56666666666666,RTGS,0,29,7,23,6,0.8184959097255264,0.802213515069358,28,293.1798850574713,MCH-2023
TXN-SYN-10249,TXN-SYN-10328,NORM-1027,9404.76,1803.38,7601.38,45.63333333333333,UPI,0,12,16,11,16,1.0,0.7153146887884357,26,83.9763888888889,NORM-1067
TXN-SYN-11108,TXN-SYN-11184,MCH-2015,74323.59,219636.01,0.0,6.683333333333334,RTGS,0,25,13,23,10,1.0,0.8303893360527371,32,116.27500000000002,MCH-2030
TXN-SYN-11804,TXN-SYN-11360,NORM-1047,2655.61,15619.29,0.0,9.983333333333333,NEFT,0,4,10,4,9,1.0,0.3521618826686045,13,206.91666666666669,MCH-2031
TXN-SYN-11184,TXN-SYN-11337,MCH-2030,219636.01,117893.29,101742.72000000002,155.76666666666668,RTGS,0,20,4,20,4,0.4328675652225954,0.6275330108510917,23,272.29912280701757,MCH-2016
TXN-SYN-11050,TXN-SYN-10798,MCH-2013,32893.11,97394.12,0.0,35.15,RTGS,0,26,8,21,7,0.7886574067900582,0.8154129027100487,28,320.3467948717949,MCH-2029
TXN-SYN-10276,TXN-SYN-11211,NORM-1074,8236.27,8500.01,0.0,28.95,NEFT,0,6,11,6,10,1.0,0.40467090733565203,15,700.4472222222222,MCH-2015
TXN-SYN-11360,TXN-SYN-10790,MCH-2031,15619.29,178997.77,0.0,108.8,RTGS,0,25,7,22,7,0.6879843239693775,0.6797984208849182,25,399.8557971014493,MCH-2025
TXN-SYN-11958,TXN-SYN-10328,NORM-1027,2403.45,1803.38,600.0699999999997,31.45,UPI,0,12,16,11,16,1.0,0.7153146887884357,26,83.9763888888889,NORM-1067
TXN-SYN-11294,TXN-SYN-11441,MCH-2015,223112.08,130215.05,92897.02999999998,87.91666666666667,RTGS,0,25,13,23,10,1.0,0.8303893360527371,32,116.27500000000002,MCH-2033
TXN-SYN-10074,TXN-SYN-10458,NORM-1069,5947.61,17755.68,0.0,171.26666666666668,UPI,0,15,15,15,15,1.0,0.6611813106082868,26,221.37380952380954,NORM-1026
TXN-SYN-11061,TXN-SYN-11105,MCH-2011,20635.28,80672.02,0.0,96.7,RTGS,0,29,7,23,6,0.8184959097255264,0.802213515069358,28,293.1798850574713,MCH-2023
TXN-SYN-11782,TXN-SYN-11041,NORM-1089,8992.57,10475.44,0.0,70.88333333333334,NEFT,0,9,17,9,17,1.0,0.5654222544400145,26,116.15208333333334,MCH-2004
TXN-SYN-11211,TXN-SYN-11441,MCH-2015,8500.01,130215.05,0.0,63.96666666666667,RTGS,0,25,13,23,10,1.0,0.8303893360527371,32,116.27500000000002,MCH-2033
TXN-SYN-10467,TXN-SYN-10975,NORM-1086,16268.44,8964.93,7303.51,62.516666666666666,NEFT,0,13,18,11,18,1.0,0.6788981896048277,26,144.0111111111111,MCH-2009
TXN-SYN-10506,TXN-SYN-11291,NORM-1006,3688.96,23954.18,0.0,23.783333333333335,NEFT,0,15,19,15,18,0.897668609769335,0.7273461965855137,31,154.69285714285712,MCH-2025
TXN-SYN-10366,TXN-SYN-10541,NORM-1109,3634.35,2628.47,1005.8800000000001,0.7166666666666667,UPI,0,10,15,9,14,1.0,0.5436489718993887,22,133.28611111111113,NORM-1086
TXN-SYN-10541,TXN-SYN-10975,NORM-1086,2628.47,8964.93,0.0,60.0,NEFT,0,13,18,11,18,1.0,0.6788981896048277,26,144.0111111111111,MCH-2009
TXN-SYN-10196,TXN-SYN-10812,NORM-1004,17881.55,23295.02,0.0,200.11666666666667,NEFT,0,15,21,13,19,0.8860930506436103,0.7538740751081949,32,238.8311111111111,MCH-2003
TXN-SYN-10798,TXN-SYN-11248,MCH-2029,97394.12,134249.27,0.0,195.55,RTGS,0,26,4,25,4,0.4768410431001316,0.6276223573030835,28,525.5410256410257,MCH-2031
TXN-SYN-10328,TXN-SYN-10950,NORM-1067,1803.38,34314.24,0.0,39.61666666666667,NEFT,0,12,19,11,17,1.0,0.7465881723307465,26,120.43333333333332,MCH-2015
TXN-SYN-10390,TXN-SYN-10088,NORM-1105,4617.8,2304.72,2313.0800000000004,1.6,UPI,0,11,19,9,18,1.0,0.6783621323183026,26,86.07878787878788,NORM-1094
TXN-SYN-11741,TXN-SYN-11759,NORM-1060,11956.23,1656.06,10300.17,119.78333333333333,UPI,0,5,11,5,9,1.0,0.2731825770223099,14,175.31333333333333,NORM-1009
TXN-SYN-11822,TXN-SYN-11805,NORM-1020,1548.75,8677.37,0.0,95.25,UPI,0,13,18,12,16,1.0,0.6748625783862561,28,114.84102564102562,NORM-1088
TXN-SYN-10125,TXN-SYN-10624,NORM-1078,9960.71,17634.39,0.0,9.033333333333333,UPI,0,8,16,8,16,1.0,0.5277044854881267,24,135.77142857142854,NORM-1110
TXN-SYN-10404,TXN-SYN-11800,NORM-1090,2501.14,3256.44,0.0,1.5,UPI,0,11,27,9,22,1.0,0.8457600712219008,31,79.46363636363637,NORM-1021
TXN-SYN-11800,TXN-SYN-10242,NORM-1021,3256.44,5932.45,0.0,66.63333333333334,UPI,0,8,12,7,12,1.0,0.4459391664653747,17,240.21875,NORM-1098
TXN-SYN-11918,TXN-SYN-10932,NORM-1036,11840.26,1244.16,10596.1,18.483333333333334,UPI,0,6,5,6,5,0.24972184701876418,0.2738343025869044,11,514.7194444444444,MCH-2004
TXN-SYN-10624,TXN-SYN-10632,NORM-1110,17634.39,12301.74,5332.65,23.65,UPI,0,5,19,5,15,1.0,0.5426181324892607,20,58.83333333333333,NORM-1109
TXN-SYN-11116,TXN-SYN-10836,MCH-2021,30159.66,69886.68,0.0,32.45,RTGS,0,26,6,22,6,0.6936701868421437,0.6126225776945822,28,296.9126666666667,MCH-2001
TXN-SYN-11098,TXN-SYN-11438,MCH-2009,4756.78,93921.65,0.0,130.98333333333332,RTGS,0,27,11,20,10,0.6228123125366313,0.8066227977074931,28,210.48333333333332,MCH-2023
TXN-SYN-11445,TXN-SYN-10974,MCH-2016,9819.53,67638.22,0.0,142.48333333333332,RTGS,0,28,4,26,4,0.6234034653990607,0.6765129048360102,29,400.08750000000003,MCH-2008
TXN-SYN-10987,TXN-SYN-11441,MCH-2015,28207.31,130215.05,0.0,31.866666666666667,RTGS,0,25,13,23,10,1.0,0.8303893360527371,32,116.27500000000002,MCH-2033
TXN-SYN-11030,TXN-SYN-11248,MCH-2029,24508.39,134249.27,0.0,165.2,RTGS,0,26,4,25,4,0.4768410431001316,0.6276223573030835,28,525.5410256410257,MCH-2031
TXN-SYN-11842,TXN-SYN-10962,NORM-1025,11936.19,25478.75,0.0,48.016666666666666,NEFT,0,16,9,15,9,0.5469324490164661,0.5395586410316361,22,330.58000000000004,MCH-2002
TXN-SYN-10950,TXN-SYN-11441,MCH-2015,34314.24,130215.05,0.0,18.916666666666668,RTGS,0,25,13,23,10,1.0,0.8303893360527371,32,116.27500000000002,MCH-2033
TXN-SYN-11791,TXN-SYN-11072,NORM-1003,8640.64,14636.01,0.0,92.21666666666667,NEFT,0,11,12,11,12,0.7831577148973093,0.5000996575404519,22,259.80833333333334,MCH-2007
TXN-SYN-10620,TXN-SYN-10458,NORM-1069,3443.72,17755.68,0.0,99.48333333333333,UPI,0,15,15,15,15,1.0,0.6611813106082868,26,221.37380952380954,NORM-1026
TXN-SYN-10389,TXN-SYN-10226,NORM-1085,3648.56,1231.31,2417.25,14.566666666666666,UPI,0,16,13,14,12,1.0,0.6583220355014661,24,212.5033333333333,NORM-1010
TXN-SYN-10836,TXN-SYN-11474,MCH-2001,69886.68,147392.11,0.0,21.066666666666666,RTGS,0,18,10,18,7,1.0,0.43642598293262674,25,211.29509803921567,MCH-2023
TXN-SYN-10975,TXN-SYN-11438,MCH-2009,8964.93,93921.65,0.0,98.45,RTGS,0,27,11,20,10,0.6228123125366313,0.8066227977074931,28,210.48333333333332,MCH-2023
TXN-SYN-10205,TXN-SYN-10944,NORM-1014,4583.22,14021.96,0.0,57.06666666666667,NEFT,0,14,23,14,23,1.0,0.8021631908269147,36,96.43846153846152,MCH-2028
TXN-SYN-11939,TXN-SYN-11936,NORM-1006,6273.64,8326.7,0.0,37.666666666666664,UPI,0,15,19,15,18,0.897668609769335,0.7273461965855137,31,154.69285714285712,NORM-1015
TXN-SYN-10843,TXN-SYN-11248,MCH-2029,34080.86,134249.27,0.0,128.98333333333332,RTGS,0,26,4,25,4,0.4768410431001316,0.6276223573030835,28,525.5410256410257,MCH-2031
TXN-SYN-10226,TXN-SYN-10220,NORM-1010,1231.31,1770.52,0.0,75.23333333333333,UPI,0,18,17,16,16,0.4961328133372379,0.7617942067364373,27,194.57592592592593,NORM-1096
TXN-SYN-10493,TXN-SYN-10675,NORM-1106,12066.71,17611.98,0.0,52.28333333333333,UPI,0,11,15,10,15,1.0,0.6706888892073547,25,101.08484848484846,NORM-1069
TXN-SYN-11105,TXN-SYN-11229,MCH-2023,80672.02,230246.03,0.0,130.43333333333334,RTGS,0,35,8,31,6,0.6193581742780404,0.9352457134571466,36,554.3409523809524,MCH-2005
TXN-SYN-11474,TXN-SYN-11229,MCH-2023,147392.11,230246.03,0.0,125.2,RTGS,0,35,8,31,6,0.6193581742780404,0.9352457134571466,36,554.3409523809524,MCH-2005
TXN-SYN-10394,TXN-SYN-10307,NORM-1080,2133.11,11319.4,0.0,20.85,UPI,0,11,13,10,12,1.0,0.5431161287889265,21,83.52,NORM-1067
TXN-SYN-10242,TXN-SYN-11035,NORM-1098,5932.45,29136.16,0.0,3.7,NEFT,0,17,19,16,18,1.0,0.7825708902951548,29,80.35588235294118,MCH-2006
TXN-SYN-10066,TXN-SYN-10220,NORM-1010,7683.6,1770.52,5913.08,47.78333333333333,UPI,0,18,17,16,16,0.4961328133372379,0.7617942067364373,27,194.57592592592593,NORM-1096
TXN-SYN-11270,TXN-SYN-10974,MCH-2016,15369.9,67638.22,0.0,71.46666666666667,RTGS,0,28,4,26,4,0.6234034653990607,0.6765129048360102,29,400.08750000000003,MCH-2008
TXN-SYN-11177,TXN-SYN-11152,MCH-2024,143193.72,239597.44,0.0,52.7,RTGS,0,18,11,17,9,1.0,0.590658097220965,25,146.028125,MCH-2003
TXN-SYN-10307,TXN-SYN-11762,NORM-1067,11319.4,9807.08,1512.3199999999997,11.516666666666667,UPI,0,12,19,11,17,1.0,0.7465881723307465,26,120.43333333333332,NORM-1004
TXN-SYN-11266,TXN-SYN-10698,MCH-2034,4123.94,213211.06,0.0,18.3,RTGS,0,23,9,22,9,1.0,0.7372752814381989,28,228.65606060606058,MCH-2026
TXN-SYN-11953,TXN-SYN-10953,NORM-1102,2633.87,2097.15,536.7199999999998,102.46666666666667,NEFT,0,12,15,11,13,1.0,0.5872402126631223,21,112.10555555555557,MCH-2022
TXN-SYN-11762,TXN-SYN-10812,NORM-1004,9807.08,23295.02,0.0,86.8,NEFT,0,15,21,13,19,0.8860930506436103,0.7538740751081949,32,238.8311111111111,MCH-2003
TXN-SYN-11046,TXN-SYN-11443,MCH-2013,23541.85,142993.11,0.0,83.88333333333334,RTGS,0,26,8,21,7,0.7886574067900582,0.8154129027100487,28,320.3467948717949,MCH-2027
TXN-SYN-11811,TXN-SYN-10699,NORM-1054,7146.16,1721.15,5425.01,68.38333333333334,UPI,0,3,15,3,15,1.0,0.3824814071538189,18,112.77777777777777,MCH-2031
TXN-SYN-11337,TXN-SYN-10974,MCH-2016,117893.29,67638.22,50255.06999999999,49.083333333333336,RTGS,0,28,4,26,4,0.6234034653990607,0.6765129048360102,29,400.08750000000003,MCH-2008
TXN-SYN-11375,TXN-SYN-11229,MCH-2023,10382.68,230246.03,0.0,84.26666666666667,RTGS,0,35,8,31,6,0.6193581742780404,0.9352457134571466,36,554.3409523809524,MCH-2005
TXN-SYN-10698,TXN-SYN-11350,MCH-2026,213211.06,105325.56,107885.5,19.1,RTGS,0,19,6,19,6,0.7349821465112782,0.5605485902202956,24,297.7166666666667,MCH-2034
TXN-SYN-10675,TXN-SYN-10458,NORM-1069,17611.98,17755.68,0.0,26.366666666666667,UPI,0,15,15,15,15,1.0,0.6611813106082868,26,221.37380952380954,NORM-1026
TXN-SYN-11309,TXN-SYN-11229,MCH-2023,28803.29,230246.03,0.0,82.36666666666666,RTGS,0,35,8,31,6,0.6193581742780404,0.9352457134571466,36,554.3409523809524,MCH-2005
TXN-SYN-10113,TXN-SYN-10138,NORM-1096,1630.23,3521.73,0.0,12.85,UPI,0,15,13,13,13,1.0,0.6187845303867403,24,164.67261904761904,NORM-1080
TXN-SYN-10671,TXN-SYN-10385,NORM-1104,11383.44,7407.07,3976.370000000001,44.516666666666666,UPI,0,7,14,7,13,1.0,0.44910179640718567,17,70.66666666666666,NORM-1084
TXN-SYN-11759,TXN-SYN-11945,NORM-1009,1656.06,11829.38,0.0,34.583333333333336,UPI,0,14,14,13,14,0.5260067687682748,0.5960159174092229,26,222.03690476190474,NORM-1069
TXN-SYN-10133,TXN-SYN-10111,NORM-1016,12990.89,4899.12,8091.7699999999995,5.55,UPI,0,15,21,14,18,0.9035014330999471,0.76905274776138,30,104.32142857142856,NORM-1085
TXN-SYN-11438,TXN-SYN-11229,MCH-2023,93921.65,230246.03,0.0,47.31666666666667,RTGS,0,35,8,31,6,0.6193581742780404,0.9352457134571466,36,554.3409523809524,MCH-2005
TXN-SYN-10772,TXN-SYN-11229,MCH-2023,32482.04,230246.03,0.0,42.7,RTGS,0,35,8,31,6,0.6193581742780404,0.9352457134571466,36,554.3409523809524,MCH-2005
